timestamp,PM25,PM10,NO,NO2,NOx,NH3,SO2,CO,Ozone,PM25_consecutives,PM25_outliers,PM25_clean,PM10_consecutives,PM10_outliers,PM10_clean,NOx_consecutives,NOx_outliers,NOx_clean,NO2_consecutives,NO2_outliers,NO2_clean,NO_consecutives,NO_outliers,NO_clean,Ozone_consecutives,Ozone_outliers,Ozone_clean,NO_CPCB,NO2_CPCB,NOx_CPCB,Threshold,C1,C2,C4,C6,mismatch,year,site_id,site_name,AQI_before_cleaning,AQI_after_cleaning,errors,prevalent_error
17519.5,30.966476357386004,96.6877735794216,35.00553849029564,25.78998720668996,60.61029322863107,,15.734958355722732,2.260990049751244,27.533962714068934,30.96329917756506,30.261509318777605,30.261509318777605,96.68370671801767,94.30318662108616,94.30318662108616,62.424147622620914,61.15552598893447,61.15552598893447,26.64560605035192,26.348312306330232,26.348312306330232,35.23996521128558,34.30400460216446,34.30400460216446,27.75347810539319,28.456617652519398,28.456617652519398,42.35894441726742,49.64496529351184,60.84294756265019,62.15552598893447,-18.7801632924641,0.028676192928252683,-12.337894900701915,-6.413592198833935,85,2019,site_168,Bandra_Mumbai_MPCB,94.71699558188016,96.83313338910848,"C1,C2,C4,C6",C2
17567.5,22.796492030557392,59.78590115817864,6.438244751581579,9.603594168056146,15.540890339121317,,19.592095774890286,1.5575006335300292,16.168017528072305,22.79300051879451,22.38028029925187,22.38028029925187,59.502736270753516,57.84601281835048,57.84601281835048,38.6291902071563,38.78582685753237,38.78582685753237,30.621042007637747,30.99717391304348,30.99717391304348,13.553718750000003,13.001950864422202,13.001950864422202,28.466331920903958,34.88897129647467,34.88897129647467,15.86050816923377,67.25777180736986,48.66363813608891,39.78582685753237,-19.133906703334876,0.02967050107233384,-16.7197607264491,-2.3844754758134443,959,2020,site_168,Bandra_Mumbai_MPCB,64.12277197964251,66.54048549779874,"C1,C2,C4,C6",C2
17519.5,35.65797858916433,94.8869729750539,45.489024219725344,10.33403944623554,54.04518443131609,,28.84896432130755,0.7545193454917335,42.427046155482294,34.205843873358575,40.52308883970914,40.52308883970914,93.69958091118019,106.13467370803471,106.13467370803471,60.7172719665272,61.918693707127936,61.918693707127936,26.700216975111676,29.820121726300254,29.820121726300254,61.720861450107684,62.725692268173646,62.725692268173646,53.696559705418196,53.69730465483601,53.69730465483601,73.01964480805538,24.402853870358715,71.83870988042794,62.918693707127936,-13.939388382494116,4.6026737633062,-2.575987289998533,-6.760727329189384,163,2021,site_168,Bandra_Mumbai_MPCB,102.0009250588937,115.62945993329733,"C1,C2,C4,C6,UNIDENTIFIABLE",C2
17519.5,,,,,,,,,,,,,,,,,,,,,,,,,,,,,,,,,,,,0,2022,site_168,Bandra_Mumbai_MPCB,,,,
17519.5,,,,,,,,,,,,,,,,,,,,,,,,,,,,,,,,,,,,0,2023,site_168,Bandra_Mumbai_MPCB,,,,
17519.5,,84.26124921229196,,,46.73170324189526,,43.41140148274878,2.320926591467103,,,,,121.53009216,120.5994067097484,120.5994067097484,45.83284960422163,45.314361370716504,45.314361370716504,,,,,,,,,,,,,,,,,,28070,2019,site_261,Airoli_Navi_Mumbai_MPCB,75.0532422654404,,,
17567.5,,40.559999999999995,,,33.64170797052913,,44.892421299397185,1.8540458654168064,,,,,40.56,40.56,40.56,33.60333333333333,33.60333333333333,33.60333333333333,,,,,,,,,,,,,,,,,,5972,2020,site_261,Airoli_Navi_Mumbai_MPCB,40.559999999999995,,,
17519.5,,,,,,,,,,,,,,,,,,,,,,,,,,,,,,,,,,,,0,2021,site_261,Airoli_Navi_Mumbai_MPCB,,,,
17519.5,,,,,,,,,,,,,,,,,,,,,,,,,,,,,,,,,,,,0,2022,site_261,Airoli_Navi_Mumbai_MPCB,,,,
17519.5,,,,,,,,,,,,,,,,,,,,,,,,,,,,,,,,,,,,0,2023,site_261,Airoli_Navi_Mumbai_MPCB,,,,
17519.5,44.54251287332646,84.36356513940974,20.345395012817526,18.062204956879807,38.36991692546584,10.39895925020375,11.953382492863936,0.6479969158347537,6.290945202882063,44.559494333042714,43.145966062129645,43.145966062129645,84.40896935022477,82.8943542128603,82.8943542128603,38.36988586070347,37.604695836873404,37.604695836873404,18.080946009024427,17.733556552658314,17.733556552658314,20.34479723430702,20.03387760394157,20.03387760394157,10.931853294384938,10.69992808219178,10.69992808219178,24.54761292267119,32.1243427710276,37.043009324667985,38.60469583687341,-11.725627780475048,0.006518790618818911,-7.993559606331877,-3.725549383524352,15,2019,site_5102,Vasai_West_Mumbai_MPCB,100.6336695197414,98.14499802339307,"C1,C2,C4,C6",C2
17567.5,40.36905317183329,78.26444911737036,51.15773138910207,15.97146807440925,65.47162328094304,9.784356571670132,6.012441644691864,0.5166905579110305,8.663551730407903,40.474927060388175,39.50137061707836,39.50137061707836,77.5216955075813,75.76480956877558,75.76480956877558,65.32224341901518,65.3942418556501,65.3942418556501,15.962783633190119,15.81576674406144,15.81576674406144,51.04043850464987,51.704722323049005,51.704722323049005,14.189541864139018,13.951190476190474,13.951190476190474,56.82266834456696,29.206065126426928,61.72722756847314,66.3942418556501,-15.904228551894679,0.006742509837534615,-7.265687541499186,-8.631798500557958,2742,2020,site_5102,Vasai_West_Mumbai_MPCB,86.76908228225977,85.22061472474593,"C2,C4,C6",C2
17519.5,34.93950845396414,143.63586238058355,30.45572430137257,27.09196727787471,57.119222312836406,11.843534190927556,25.575036644530847,1.0927025905302112,21.79,34.11770512054194,33.861081152524456,33.861081152524456,144.05673670557715,144.36151554404145,144.36151554404145,57.1172708251602,56.638273393916,56.638273393916,27.095458092975907,26.835455865272937,26.835455865272937,30.441194388645574,30.360032704402517,30.360032704402517,21.79,21.79,21.79,35.06191130019589,49.5895953150506,54.87428664707802,57.638273393916,-17.66639339418823,0.012014773098269645,-12.335864600482074,-5.318514020607884,549,2021,site_5102,Vasai_West_Mumbai_MPCB,133.67984297908623,137.1308600237369,"C1,C2,C4,C6",C2
17519.5,37.28260409226503,160.4515943005181,23.361749731210768,17.920083241029772,39.84585351230723,14.585050322206937,18.9875953936681,1.8740196943493452,23.670777903043973,36.992844335433674,36.7057022228308,36.7057022228308,160.681690016145,157.55010354944486,157.55010354944486,39.86111430212522,36.75903621559887,36.75903621559887,17.96630709828662,17.35832547690948,17.35832547690948,23.25289288316736,20.536788872442976,20.536788872442976,23.676777255639102,23.22086215744637,23.22086215744637,22.271038715262748,32.95044100077915,35.60071768678037,37.75903621559887,-11.534848693462278,0.06677775373295823,-8.147723040513474,-3.3203478992158457,1444,2022,site_5102,Vasai_West_Mumbai_MPCB,139.44453785329284,137.40489809029043,"C1,C2,C4,C6,UNIDENTIFIABLE",C2
17519.5,35.98559401760945,114.0652348499516,49.61554271140406,18.461073672376166,67.68936110653712,21.943026519519027,10.673955845219409,1.0265444530801204,33.230159639639645,35.86947999031789,35.84525267656519,35.84525267656519,114.19708291281732,112.9047960917587,112.9047960917587,61.97311224042758,61.53463050973814,61.53463050973814,15.327522816166885,15.224950449623785,15.224950449623785,46.22238697217101,45.89930516694646,45.89930516694646,32.93156044121522,33.01433026626496,33.01433026626496,56.37660645897524,30.839329635969417,62.22910989387197,62.53463050973814,-16.22359700307762,0.0341618167294306,-7.650933494552774,-8.53850169179542,62,2023,site_5102,Vasai_West_Mumbai_MPCB,107.94413525958502,106.9954454383677,"C1,C2,C4,C6",C2
17519.5,35.90340627623846,88.16582359488035,13.414114342713145,19.50106976011758,32.895190218817234,6.7923130164180705,9.50500992968708,0.6171453786906291,15.023815853990738,35.92948841850938,35.38146201232033,35.38146201232033,88.2236437698789,87.2652040752154,87.2652040752154,32.89899496168783,32.10353249899071,32.10353249899071,19.504792859018117,19.137274889568467,19.137274889568467,13.41598792333946,12.563672540208136,12.563672540208136,15.25738683589801,15.10162039624868,15.10162039624868,15.349335127151296,34.14927421012073,30.641680580529155,33.10353249899071,-10.832785804432199,0.004012972001027471,-8.499160290428536,-2.3296125420026352,13,2019,site_5103,Nerul_Navi_Mumbai_MPCB,92.9565806299858,92.28495084094276,"C1,C2,C4,C6",C2
17567.5,59.86810901749664,151.95752767295596,23.66588657465496,22.09321206390285,45.466656060455406,14.5756800437615,8.250259976129936,1.300748121869783,27.486991408838225,59.84535984210274,59.655633025575725,59.655633025575725,152.05923745903706,149.79629640005604,149.79629640005604,45.411549751243776,44.40483389793466,44.40483389793466,22.065104592090844,21.389107683982687,21.389107683982687,23.66083977512298,23.140241435198124,23.140241435198124,28.028021098581302,27.845673902752416,27.845673902752416,27.99054789755587,38.389359354798984,43.16776703810872,45.40483389793466,-13.802399520353308,0.01246383057316997,-9.54681211284468,-4.243123576935456,206,2020,site_5103,Nerul_Navi_Mumbai_MPCB,162.56565030109374,159.1335924225757,"C1,C2,C4,C6",C2
17519.5,66.56822097378277,162.468070585734,35.861783222205,15.536833358437516,49.25266042846589,11.879135980148881,10.507793789324133,0.9115799256505576,93.20152985884909,65.74702679978981,65.0906149257156,65.0906149257156,162.4863784735186,159.14801156271898,159.14801156271898,49.22722167487685,48.47718029969387,48.47718029969387,15.516380306455664,15.162731223175966,15.162731223175966,35.84118319032358,35.34900428024329,35.34900428024329,90.86574949698189,90.74095768374167,90.74095768374167,43.06563806300607,27.469583198380565,49.5916453694332,49.47718029969387,-13.343172467967975,0.049220647773279336,-6.794802470066326,-6.49914935012837,1330,2021,site_5103,Nerul_Navi_Mumbai_MPCB,165.8296705318154,160.03368600192428,"C1,C2,C4,C6",C2
17519.5,59.771039313149565,145.10819008294396,61.70707130088009,20.354437377522604,79.5659692066093,19.445906537856658,17.17215505641238,0.9717476593847524,46.48110459433041,59.73218443152455,59.44978270239207,59.44978270239207,145.1015082704585,141.61028318727685,141.61028318727685,79.49964445059315,78.27170941799749,78.27170941799749,20.424520682504454,19.72475021533161,19.72475021533161,61.64004312129156,61.109879870629904,61.109879870629904,39.285756353861196,37.42226464732651,37.42226464732651,73.9687435057984,36.46429421944693,79.32141882247993,79.27170941799749,-19.86142371615633,0.5796761964229963,-8.580502777126686,-10.70124474260665,117,2022,site_5103,Nerul_Navi_Mumbai_MPCB,147.75586909385268,142.89643076422573,"C1,C2,C4,C6,UNIDENTIFIABLE",C2
17519.5,51.96233657285764,143.88662644917767,42.40030954564138,26.543097669712584,68.9025857653271,21.567731052581657,16.652307515211312,1.1789680483592402,31.692837209302326,51.96261438115442,51.51290854572713,51.51290854572713,143.95149313636207,140.68794910633142,140.68794910633142,77.60196733010864,77.3697138120583,77.3697138120583,33.017184965063045,32.912496497373034,32.912496497373034,45.47400965807305,45.17877437086661,45.17877437086661,42.7971275646744,42.637068388330945,42.637068388330945,52.80755329060647,62.532923627319676,76.19519992347426,78.3697138120583,-23.597690065127285,-3.634972259423847e-05,-15.569573694686751,-8.02815272016313,0,2023,site_5103,Nerul_Navi_Mumbai_MPCB,129.2422672946733,127.33309474786557,C2,C2
17519.5,39.16310271996703,113.48047792265936,53.105871243681605,33.89728780487805,85.14179245805416,14.80493873383254,14.24212728918599,0.43108051447674084,18.741920728194494,39.17257951440796,38.91973884278336,38.91973884278336,113.45385859829825,110.41930932069509,110.41930932069509,84.84543884404809,83.19680093046033,83.19680093046033,33.918951975123804,32.66671903247927,32.66671903247927,52.995474411863086,52.90346409247418,52.90346409247418,22.680682022809123,22.663799705449193,22.663799705449193,61.76542946870142,60.95783541048466,82.63227002967358,84.19680093046033,-24.539521758658395,0.03291890364509747,-15.148811450523946,-9.357791404489348,672,2019,site_5104,Kurla_Mumbai_MPCB,113.75164963341005,114.17533895248435,"C1,C2,C4,C6,UNIDENTIFIABLE",C2
17567.5,44.24305416897763,125.96924086692076,30.212227701232777,37.15163615686562,66.81078549410698,15.686185744172146,18.45900318705565,0.4602560542958507,31.16599298500241,44.15001406990522,43.76143908217982,43.76143908217982,125.9061928737413,123.16670478574201,123.16670478574201,65.5495046648432,63.463149320158415,63.463149320158415,37.11612820324547,36.4160352913123,36.4160352913123,28.06632983687334,26.541897734788357,26.541897734788357,32.043012369330725,32.23477192982456,32.23477192982456,31.862680688215,68.48748296713273,62.326455874341754,64.46314932015842,-21.88129552904738,0.018540039949155616,-17.036467416711417,-4.826288072386808,324,2020,site_5104,Kurla_Mumbai_MPCB,123.99084724640741,125.15580512630848,"C1,C2,C4,C6",C2
17519.5,56.16198819263666,162.08912731127077,42.842368585406476,48.06646068879279,84.88766975228837,20.14572615400592,33.394610309008954,0.5949114823588081,27.028465005472928,55.96646050670641,55.04394199949122,55.04394199949122,162.06817999764402,157.69826984737716,157.69826984737716,84.77457761433678,82.68668651566587,82.68668651566587,48.075137079120196,46.92090903995965,46.92090903995965,42.79356707475905,41.5448890269385,41.5448890269385,30.796883890175327,30.980140459363962,30.980140459363962,47.76830853380914,82.27722441395434,81.82750630652802,83.68668651566587,-24.320886323751758,4.816588314717073,-16.7740808259926,-2.7302171830420887,304,2021,site_5104,Kurla_Mumbai_MPCB,156.94861110273422,158.14345802570628,"C1,C2,C4,C6,UNIDENTIFIABLE",C2
17519.5,42.4721295736317,165.98654960003424,47.24891167505963,36.81644400642429,78.6429788713737,16.749360611170378,24.659100484516536,0.4711787152109224,50.3129038522651,42.41761632529436,41.69045481049562,41.69045481049562,166.19281201650335,160.96336099980917,160.96336099980917,79.21962642386092,77.12480569217125,77.12480569217125,39.81474579002498,38.72431214524026,38.72431214524026,45.664923446520135,44.62970380541388,44.62970380541388,59.96523329129886,63.86372409478376,63.86372409478376,47.46511539699301,73.62384920802533,77.79004726705888,78.12480569217125,-24.68796992681719,1.1209830542565493,-17.285198745251098,-6.281788127309543,2832,2022,site_5104,Kurla_Mumbai_MPCB,144.6941137271212,141.03703274346952,"C1,C2,C4,C6",C2
17519.5,31.941579957078755,157.19272534575023,16.364221753848124,22.495156828925513,38.85873091907773,12.49272602433494,22.94082966349548,0.6310411407518591,46.67346731936018,31.90359490537151,30.932213617177464,30.932213617177464,157.17828696772398,152.59472030169707,152.59472030169707,39.25748455982415,38.23251310875551,38.23251310875551,24.623588003748832,24.067727107337785,24.067727107337785,15.852362955847772,15.262934071100501,15.262934071100501,60.14135923193173,60.38201754385965,60.38201754385965,18.746157958151297,45.104383885950796,39.23228880202345,39.23251310875551,-14.079827503764779,0.00024051506093351795,-11.229915930783795,-2.8496710579200526,7,2023,site_5104,Kurla_Mumbai_MPCB,139.87281329820684,137.05097776860507,"C2,C4,C6",C2
17519.5,39.174006175499066,83.19984905128024,19.785599776827226,25.78715452731354,45.360220652039175,10.151407830241359,7.315458252082964,0.6691030557961154,18.746126080646178,39.11539474631162,38.58659817351598,38.58659817351598,83.17312822324268,80.72198345805435,80.72198345805435,45.360220652039175,43.33774224474423,43.33774224474423,25.78715452731354,25.339477311497784,25.339477311497784,19.785599776827226,17.497313740838255,17.497313740838255,18.746126080646178,18.876849173553722,18.876849173553722,20.214054338361063,46.24654601150676,41.02829497745296,44.33774224474423,-14.5783606943817,0.009357070667806885,-11.50505910900637,-3.063944514707528,101,2019,site_5106,Vile_Parle_West_Mumbai_MPCB,91.20901729775115,91.31120464333537,"C1,C2,C4,C6,UNIDENTIFIABLE",C2
17567.5,45.51547627215552,99.9032519911263,15.233188649753517,26.576173650294454,41.05996273366593,12.903123862409378,9.482140137090632,0.8144704083193149,22.34742106531694,45.520486948557476,44.756009352093685,44.756009352093685,99.8963459998544,98.30332380070085,98.30332380070085,41.05870675923421,39.49415027668511,39.49415027668511,26.57226549491212,25.963049695501496,25.963049695501496,15.461308189655172,13.608498186383928,13.608498186383928,22.418708172013275,22.569160467587675,22.569160467587675,16.387379130569308,47.17473278155941,38.40862739789604,40.49415027668511,-14.21666103369629,0.025295869430693018,-11.723116565396563,-2.468248598869033,853,2020,site_5106,Vile_Parle_West_Mumbai_MPCB,108.02813847506374,107.8292936720375,"C1,C2,C4,C6",C2
17519.5,51.69639087114582,122.7439315640127,18.862725068390944,20.4634619857309,38.81367764255267,14.665884218380796,9.737458084467756,0.783212879597131,26.561495962871128,51.49503154840234,51.13727255546736,51.13727255546736,122.42659582301359,120.51867352281229,120.51867352281229,38.865917976717185,37.3436237575589,37.3436237575589,20.456602955045586,19.86660190489337,19.86660190489337,18.88744300234558,17.644107029988064,17.644107029988064,30.31716511385163,30.27735357368754,30.27735357368754,20.8626863012612,35.512688696755774,35.85861941778378,38.3436237575589,-11.96407468008306,0.09179694626214557,-8.789705739153913,-3.082571994667002,655,2021,site_5106,Vile_Parle_West_Mumbai_MPCB,127.79542054562859,125.43773016338876,"C1,C2,C4,C6,UNIDENTIFIABLE",C2
17519.5,61.19008397984483,188.48506110066657,12.270482787041145,29.350071316453967,39.22238779060573,11.349936688134484,21.57578648075564,0.9272862477260397,27.97653490100683,61.178093997916505,58.613872614888464,58.613872614888464,186.18911263239474,182.3819944892928,182.3819944892928,39.27594476051235,37.81586610701563,37.81586610701563,29.352101041133295,28.435449050408565,28.435449050408565,12.263969788132881,11.201995595826865,11.201995595826865,32.13073286683404,30.306109099542947,30.306109099542947,14.652986901432325,52.56861454360539,39.872537503178236,38.81586610701563,-15.30804334317392,0.009525403618797418,-13.079622189183997,-2.218895750371123,2182,2022,site_5106,Vile_Parle_West_Mumbai_MPCB,142.94298363377166,143.98989847750718,"C1,C2,C4,C6,UNIDENTIFIABLE",C2
17519.5,41.13696221828519,125.47098571641125,17.583652182062416,21.558228789251206,34.621748321623734,56.07846324602018,40.26586281012037,1.117178163039469,7.910261625069149,40.131353138110775,39.918437470504955,39.918437470504955,125.4503243122344,121.87686695998323,121.87686695998323,34.6192400437295,33.1939374548457,33.1939374548457,21.556765971907566,20.633493503309634,20.633493503309634,17.584718160229972,15.886365892014679,15.886365892014679,8.547011288546255,8.443081745360466,8.443081745360466,18.477330418338635,37.65802468520825,35.02934827729348,34.1939374548457,-12.119083321593607,0.08064108477077761,-9.30250029929719,-2.7359419375256384,5528,2023,site_5106,Vile_Parle_West_Mumbai_MPCB,105.6343365707619,103.92168133927403,"C1,C2,C4,C6,UNIDENTIFIABLE",C2
17519.5,38.48530268695371,96.21409214092141,50.937072549130654,35.182445773669265,82.5028008287138,17.19896871835265,7.519080920727354,0.752727073036793,13.549723093861822,38.49626686818525,38.50815022900763,38.50815022900763,96.31535265288727,96.1776473750224,96.1776473750224,82.49417040358743,81.11921558003732,81.11921558003732,35.186346386270245,34.45994990240729,34.45994990240729,50.940315527105874,49.79002455644914,49.79002455644914,13.549723093861822,13.3949250045178,13.3949250045178,60.78023892350044,64.25714094465373,83.58211098232397,82.11921558003732,-25.219428226921277,0.023635902636916825,-15.978347857851869,-9.217444466432493,1219,2019,site_5107,Chhatrapati_Shivaji_Intl._Airport_(T2)_Mumbai_MPCB,102.3336558802976,108.89369361154814,"C1,C2,C4,C6",C2
17567.5,39.084192871331666,126.1055065130097,56.34827176781003,28.111251460621638,81.61747127667167,17.89931484851729,12.098568827987952,0.7400114866511192,17.956255335004403,39.42766781639692,39.30203389830508,39.30203389830508,126.1618363666175,122.82759750504495,122.82759750504495,82.47611113181532,81.56889273356401,81.56889273356401,28.109862687731614,27.66063263543252,27.66063263543252,56.35218136815297,55.9749960071491,55.9749960071491,31.5435723183391,31.659434193400198,31.659434193400198,66.01848797739582,52.24008357899694,81.44937320461504,82.56889273356401,-23.02828244168569,0.01694890510948909,-12.991320040679527,-10.020013495896672,2356,2020,site_5107,Chhatrapati_Shivaji_Intl._Airport_(T2)_Mumbai_MPCB,112.7299179312376,114.580494864816,"C2,C4,C6",C2
17519.5,36.97639250096909,127.98626944913303,68.53119682252841,28.116228279255726,96.17415687603555,18.012900474311454,9.631158731310785,1.2896056338028168,26.90454078495207,36.975611704007356,36.979483098258605,36.979483098258605,128.56634143313784,127.93590757372424,127.93590757372424,96.18700703426367,95.86882172791746,95.86882172791746,28.13354357396081,27.959083416169648,27.959083416169648,68.52044488811873,68.35709817862279,68.35709817862279,29.96949711495783,29.99417979385453,29.99417979385453,83.18807995263685,52.32255198105474,95.47337872301667,96.86882172791748,-25.668427987687483,0.009770025957466129,-13.018476270573883,-12.640181691156135,557,2021,site_5107,Chhatrapati_Shivaji_Intl._Airport_(T2)_Mumbai_MPCB,114.62321434275253,116.75269337306352,"C1,C2,C4,C6,UNIDENTIFIABLE",C2
17519.5,39.4697739252308,141.1561244441827,74.23064837989581,27.180955308420256,100.69812736742425,14.415074642483432,9.882961762391817,0.8222789502780398,23.302555918652242,39.47517651725506,39.36367074604163,39.36367074604163,140.6741777804063,139.86725771216734,139.86725771216734,100.80569547465124,100.57413883502117,100.57413883502117,27.219047685394827,27.111983319249003,27.111983319249003,74.20974971211812,73.82440579191992,73.82440579191992,24.559280717488786,27.62009063778048,27.62009063778048,89.12011968793757,50.97711283056612,99.55413882776556,101.57413883502117,-26.220007393279385,0.023478695739147792,-12.67104369810132,-13.525484999438913,620,2022,site_5107,Chhatrapati_Shivaji_Intl._Airport_(T2)_Mumbai_MPCB,123.22218788695452,123.88276358485376,"C2,C4,C6",C2
17519.5,35.12944234930448,129.76579910507638,92.52713429690846,25.338048084312216,112.74886882253227,19.092775822009436,12.093115432677289,1.4627399276776856,20.503069803316624,35.12671238390093,34.95259071642717,34.95259071642717,129.72098850361004,129.14495984209094,129.14495984209094,114.0827173874164,115.11883861294788,115.11883861294788,25.338335224153706,25.294159333024552,25.294159333024552,92.65905495910883,92.77005654165474,92.77005654165474,19.665646971201593,19.674609210880686,19.674609210880686,108.09863271898068,49.60446764775025,114.25360148573041,116.11883861294788,-28.758156823368054,0.03086840001880667,-12.323076518317041,-16.404211905032206,3611,2023,site_5107,Chhatrapati_Shivaji_Intl._Airport_(T2)_Mumbai_MPCB,116.05548654223958,116.56547967232443,"C1,C2,C4,C6",C2
17519.5,30.918996681133525,60.49206491035915,6.093199025182778,10.277686068965517,16.1177522861317,31.931501542124348,7.395594352777132,0.7840535682185871,16.36217120527537,30.91925208322683,30.59965648637889,30.59965648637889,60.48855333911535,60.216706204961426,60.216706204961426,16.121052460613935,15.593172872967237,15.593172872967237,10.27805054350825,9.956166686610027,9.956166686610027,6.094668147586282,5.758596407471505,5.758596407471505,16.369847076094935,16.349707532051283,16.349707532051283,6.388125169570422,18.469268759143503,15.016211597286876,16.593172872967237,-5.567847714809502,0.0020514696103205027,-4.596659964968179,-0.9691362802310028,372,2019,site_5112,Powai_Mumbai_MPCB,70.17143605879056,69.60162974044735,"C2,C4,C6",C2
17567.5,39.16680670261416,75.08638457707313,5.172987478872754,11.926228553494212,16.884344671045845,14.13629188436085,8.545309021922428,0.6724530610522763,26.694882085043062,39.12035273609735,38.739024078254324,38.739024078254324,75.07672277639234,74.52605988571429,74.52605988571429,16.87901652892562,15.99671964232041,15.99671964232041,11.92676782475234,11.282110769930625,11.282110769930625,5.12261588487616,4.751044234404537,4.751044234404537,26.702509697789807,26.867143272727276,26.867143272727276,5.547318521928357,20.949270338131903,15.648751255440239,16.99671964232041,-6.0534526891221585,0.006652996317375298,-5.20996942424264,-0.8368302685621432,487,2020,site_5112,Powai_Mumbai_MPCB,85.6288313325442,84.1308190253695,"C1,C2,C4,C6",C2
17519.5,45.73871639724255,89.72736747297994,4.928333566043006,15.36016513398596,19.74875830402501,6.507822219315172,5.157320581202869,0.7362304900181488,39.26866438356165,45.75389907150609,45.67297012478672,45.67297012478672,89.65930637544275,88.9903767235719,88.9903767235719,19.749017487869217,18.707879341864714,18.707879341864714,15.360715321729959,14.699258431018936,14.699258431018936,4.928487101616226,4.381371684837238,4.381371684837238,39.26655445913238,39.697203966005674,39.697203966005674,4.7421193206673244,27.897115220654456,18.680684479135394,19.707879341864714,-7.648714233182887,0.019906505982759372,-6.9270403750710585,-0.7017673521290686,2428,2021,site_5112,Powai_Mumbai_MPCB,109.00598232529384,107.11118824059082,"C1,C2,C4,C6",C2
17519.5,46.518008031595365,98.0578246106149,14.460797593498222,23.947377893796798,37.65954935255731,4.48872094843102,18.950455781572934,0.9325816178386629,32.32862433265659,46.51318729353665,45.757895624789114,45.757895624789114,97.91282077960686,96.21359467455622,96.21359467455622,37.66373046339457,36.79039371251909,36.79039371251909,23.959036431380667,23.42822697660646,23.42822697660646,14.458142882280486,14.166280392381388,14.166280392381388,32.36499357375066,32.39117343832447,32.39117343832447,16.763329529972754,43.61861946525885,36.80794788828338,37.79039371251909,-13.383107937549225,0.02707637942779295,-10.834115301974027,-2.521916256147405,992,2022,site_5112,Powai_Mumbai_MPCB,105.98899408174849,107.03903138240827,"C1,C2,C4,C6",C2
17519.5,40.59916075541226,86.51002072292432,15.516704437851145,21.45257441368644,36.96826747048797,4.403365826802254,17.082691208718188,0.7489309154881927,34.71827250524577,40.61195081463265,40.38967984741664,40.38967984741664,86.8179796107507,86.49403133739416,86.49403133739416,37.141845245816576,36.873194092093826,36.873194092093826,21.547178466219933,21.411173486873675,21.411173486873675,15.515845867037411,15.54327699945593,15.54327699945593,34.56934918234238,40.281179214255815,40.281179214255815,19.041478218521718,40.00598347341136,36.76045047521797,37.873194092093826,-12.855327454810503,0.000229754143429418,-9.960529391316554,-2.8945683093505195,1,2023,site_5112,Powai_Mumbai_MPCB,95.88788050317306,95.17325071377809,"C2,C4",C2
17519.5,25.15691581040769,49.25666294577287,3.2207398514713272,5.13569915387026,7.597418590555953,7.463984573002755,12.8630617102057,0.3540010445076307,20.779915303065223,25.16800298474464,24.95789518953124,24.95789518953124,49.19889353433046,48.074589627885686,48.074589627885686,7.597612960105796,7.381418760166275,7.381418760166275,5.13569915387026,4.957669367467828,4.957669367467828,3.1864820257743616,3.125153686015185,3.125153686015185,12.333094763968607,11.930559494649994,11.930559494649994,3.3185473882606353,9.302238356796677,7.644000307715978,8.381418760166277,-2.8178232704792445,0.00330486960535425,-2.31327133183731,-0.50124706903658,2434,2019,site_5113,Borivali_East_Mumbai_MPCB,59.942087390973875,54.407788197850586,"C2,C4,C6",C2
17567.5,33.36205605199025,66.47545759552658,5.906970428485215,2.6822399291722,8.368124599313647,11.475005370569281,8.459982741202221,0.3624998911955434,11.201008278867103,33.110804918032784,33.005464475900055,33.005464475900055,66.6189527153558,65.85860593834057,65.85860593834057,7.696349943762532,7.466335449735449,7.466335449735449,2.6825946946826065,2.492672384071712,2.492672384071712,4.878853736605279,4.871477903289734,4.871477903289734,10.587664647993947,10.37276110610576,10.37276110610576,5.442473990178023,5.6232255125844075,7.414008594229588,8.46633544973545,-2.2251432286647614,0.0027004297114794342,-1.3977242924127842,-0.8247185065404982,1673,2020,site_5113,Borivali_East_Mumbai_MPCB,77.65926034107311,75.64436021564954,"C1,C2,C4,C6",C2
17519.5,42.01971405614897,80.92760811181147,8.125691699604742,3.191667623571168,11.213958364990123,21.31114167046548,15.092926570333235,0.43416006339144214,8.749718882208862,41.98524220463431,41.80164505756664,41.80164505756664,80.91485496014171,80.23266315602628,80.23266315602628,11.261856584821428,11.145111807856129,11.145111807856129,3.192176501305483,3.114547575404099,3.114547575404099,7.907134843818741,7.886051551754031,7.886051551754031,10.419590620031798,10.591507961953619,10.591507961953619,9.39225841617637,6.309450463244742,10.988253195374314,12.145111807856129,-2.9943266903434753,0.005053087171163836,-1.5664599583590533,-1.4228136448132587,579,2021,site_5113,Borivali_East_Mumbai_MPCB,97.39217550227191,95.57255043127334,"C2,C4,C6",C2
17519.5,41.65932695265766,81.33502148010051,11.966252693080154,7.710284780752238,19.47198250728863,13.885955968402573,14.00084749834825,0.3739689687239978,24.90053099792579,41.654062478614925,41.13209943700548,41.13209943700548,81.38839977267192,80.72812243132165,80.72812243132165,19.46275417992902,19.127729402811713,19.127729402811713,7.709807613741876,7.404003852945898,7.404003852945898,11.961070670861073,11.77770560877688,11.77770560877688,24.91205999077065,24.61659601299898,24.61659601299898,14.144487131040094,13.932607331736202,18.904086697102564,20.127729402811713,-5.611586282126967,0.008454097545540839,-3.4611358257171454,-2.1419963588642803,506,2022,site_5113,Borivali_East_Mumbai_MPCB,91.74094166524141,89.78987343175731,"C1,C2,C4,C6",C2
17519.5,30.04026021967382,80.84943234280512,4.2363766119944914,9.22466468098448,13.432481544044045,4.997926710761417,13.067725399703315,0.4080251950468828,30.73943237890638,30.008171317405317,29.62900168861871,29.62900168861871,80.83492088349483,79.98206425352522,79.98206425352522,13.432911946930348,12.972459949553482,12.972459949553482,9.22466468098448,8.811008032814902,8.811008032814902,4.234691690688057,4.174139523744355,4.174139523744355,31.071528592875666,30.74681283462786,30.74681283462786,4.992559542652765,16.531057819039646,12.851820637698808,13.972459949553484,-4.874492094848575,0.0004908302260101906,-4.115468672839755,-0.7585325917828084,103,2023,site_5113,Borivali_East_Mumbai_MPCB,82.99095202047384,81.74642723827995,"C1,C2,C4,C6",C2
17519.5,43.2078575750242,100.53553489453193,43.13700620017715,29.50509055397727,72.4154739266521,7.055114956150747,16.43395953581627,0.6593109901326982,23.14851746427089,43.21587857877853,42.462863786479744,42.462863786479744,100.53361707075993,98.40531951187509,98.40531951187509,72.4154739266521,68.83668084557875,68.83668084557875,29.507087131525985,28.70990319271701,28.70990319271701,43.13700620017715,38.81277001186865,38.81277001186865,23.14811102544333,22.759927889300332,22.759927889300332,47.35944374732335,52.067831349036396,66.18654675231977,69.83668084557875,-20.14578055941706,0.02180942184154181,-12.945618433641625,-7.178352703933891,46,2019,site_5114,Mahape_Navi_Mumbai_MPCB,108.91348296941298,109.52719550574676,"C1,C2,C4,C6",C2
17567.5,49.52593437237375,101.93876496773525,33.80885401233505,34.180371633257565,66.70072101937222,10.215766624755517,15.11406578105596,0.968724386627123,27.892139986485045,49.535613545054524,48.71717393151499,48.71717393151499,102.0019319676102,100.00384146811626,100.00384146811626,66.71492348613079,63.470390822844614,63.470390822844614,34.18736381490542,33.005732957746474,33.005732957746474,33.817221245648504,29.937548993081055,29.937548993081055,27.940862714341737,28.007142967393403,28.007142967393403,35.860771828217786,59.12464936020741,60.60113991803965,64.4703908228446,-20.16749999830014,0.006160408129129286,-14.71545872710546,-5.445880863065551,18,2020,site_5114,Mahape_Navi_Mumbai_MPCB,113.63630907035218,114.79117679489306,"C1,C2,C4,C6",C2
17519.5,63.39352151543498,127.23777128845296,47.47479028978139,42.2355803552413,85.28791809019475,12.523777878719054,18.058,1.1772875816993464,21.50933851132686,63.1960994936234,62.409692907012044,62.409692907012044,127.19760660861799,124.39403682303399,124.39403682303399,85.27132667008372,81.86966990291262,81.86966990291262,42.226445400707256,40.295365594870134,40.295365594870134,47.47004914629497,44.20046892602328,44.20046892602328,21.509798049538276,21.510436423684833,21.510436423684833,51.02402079451214,70.58084967748542,79.01997542745981,82.86966990291262,-25.321394659730164,0.01050066550629666,-17.564076471139245,-7.746817523084618,145,2021,site_5114,Mahape_Navi_Mumbai_MPCB,141.34583418056246,141.19484930104483,"C1,C2,C4,C6",C2
17519.5,47.15270177902622,146.75434938664245,45.48810358400662,42.803839289403015,87.4043240122082,16.164184341597178,28.393687166395914,1.4800260629400552,26.693093840429928,47.1706580245174,46.60652331606218,46.60652331606218,146.26580285805596,144.6080439538078,144.6080439538078,85.32049659704295,82.04573417656958,82.04573417656958,40.061882212684786,39.41482763959129,39.41482763959129,45.94709817222536,42.25558851125939,42.25558851125939,30.646293792255683,30.520960291734205,30.520960291734205,51.97904853953381,72.18346847128232,80.64781826594945,83.04573417656958,-25.86266327555342,0.014248944415524298,-17.959854722532956,-7.888559608604935,140,2022,site_5114,Mahape_Navi_Mumbai_MPCB,132.48506800575475,135.1959658054318,"C1,C2,C4,C6",C2
17519.5,37.35898673241752,135.68897176897175,78.5712750340778,33.10367826117294,107.4588896253401,25.20010256052466,22.87256873384072,1.53156980604578,39.154986826347304,37.36947944024146,36.794941789748044,36.794941789748044,135.81338097732544,133.55239398370588,133.55239398370588,112.79978239366962,116.024804445695,116.024804445695,19.242487549800796,17.98039305219805,17.98039305219805,89.49603000326124,88.7742231713828,88.7742231713828,41.608671000812656,41.02020319901146,41.02020319901146,120.42957298050139,56.65816371402043,127.83822841225629,117.024804445695,-31.936459538554963,0.6096768802228411,-13.59044931744997,-17.736333340882155,58,2023,site_5114,Mahape_Navi_Mumbai_MPCB,126.33004127770187,125.50422964514773,"C1,C2,C4",C2
17519.5,35.49836025717219,79.0188321867599,11.956063655255388,17.968116053309934,29.838666083533784,7.430370613674934,5.456297562087036,0.4112153419593346,24.4261774704696,35.499602852974554,34.9702546434991,34.9702546434991,79.01331208394448,77.75639338001272,77.75639338001272,29.827553453272817,29.303546674619742,29.303546674619742,17.957219905629323,17.73188927787338,17.73188927787338,11.954209691533583,11.193509562675112,11.193509562675112,24.428559488125433,24.53853228346457,24.53853228346457,13.268401380042462,32.75082478768577,28.20699840764331,30.303546674619742,-10.170389244352702,0.0012055467091294778,-8.153246332497629,-2.0159373651459442,65,2019,site_5115,Worli_Mumbai_MPCB,93.46792631755122,92.43671283010407,"C2,C4,C6",C2
17567.5,42.726512065604624,86.1348267421938,11.69095912840859,22.44441961318097,33.99051596046087,6.583739973376114,10.255810894780446,0.4434371042634023,24.594463979096677,42.67985193161934,42.348227749852164,42.348227749852164,86.16852808240778,85.11648892020985,85.11648892020985,33.98534458332021,32.97645819731281,32.97645819731281,22.4294769337935,22.090355259984147,22.090355259984147,11.691150927354599,10.736897459292534,10.736897459292534,32.734138960154986,32.81174204259217,32.81174204259217,12.718944717738822,40.78068287898679,32.030303498339634,33.97645819731281,-12.084492058241498,0.0032021777743455014,-10.150857348715007,-1.9304325317521458,176,2020,site_5115,Worli_Mumbai_MPCB,101.98321643583301,101.33638134448795,"C1,C2,C4,C6",C2
17519.5,49.481842915266235,92.59452586945349,42.19960128950977,15.04679418576791,55.78706823894721,11.83348344261619,20.44751527891315,0.7878691789215686,3.453648487184428,49.3276477893691,49.23902503808446,49.23902503808446,91.99388351192536,91.28302517381924,91.28302517381924,54.493209797576945,54.02611853360489,54.02611853360489,15.02113746350438,14.790317065855433,14.790317065855433,40.56138973836221,40.45401148277584,40.45401148277584,4.032797220153884,3.9087283236994224,3.9087283236994224,43.03866693109814,27.974724781719303,49.84651449383825,55.02611853360489,-13.47849192986161,0.03338023250012473,-6.935173207391344,-6.509938489970141,2158,2021,site_5115,Worli_Mumbai_MPCB,108.04733072394896,105.38733413606101,"C1,C2,C4,C6",C2
17519.5,42.75509544881941,107.57104172286664,87.57161137665042,13.49248581496745,83.08811199673002,61.9221697219591,19.866655643020167,0.9517139712962539,4.056828481945468,42.672966071486435,42.428970303539465,42.428970303539465,107.70862939094127,107.1533959436507,107.1533959436507,79.22036548858408,80.53163326653308,80.53163326653308,13.382658766332423,13.221743324389934,13.221743324389934,83.03672456209408,83.88428922080634,83.88428922080634,4.673341836734694,4.6007500000000014,4.6007500000000014,90.13682432976911,26.094828451882844,87.09875794204247,81.53163326653308,-20.12287907173215,0.08523864869053131,-6.4181855214958565,-13.61945490154576,3428,2022,site_5115,Worli_Mumbai_MPCB,102.63442420153822,102.11054925970043,"C1,C2,C4,C6",C2
17519.5,39.917570207133394,82.28618584493583,30.037763293420884,15.919780000675882,44.27823898364748,13.385019201725996,14.351755267301494,1.6384468758601707,4.016342181843992,39.904117794576,39.91549321014695,39.91549321014695,84.9112733156383,84.44460595730865,84.44460595730865,46.808767985940754,45.582922036595065,45.582922036595065,15.970931942877156,15.467682739110536,15.467682739110536,32.77224890265944,31.67902764958465,31.67902764958465,4.0921654715940425,3.744420884814667,3.744420884814667,38.0548841215423,28.728411722162214,46.183902691025224,46.582922036595065,-12.876232895436758,0.07193557475582264,-7.08768549083236,-5.716611829848575,1460,2023,site_5115,Worli_Mumbai_MPCB,87.35608552393447,90.47417321056083,"C1,C2,C4,C6,UNIDENTIFIABLE",C2
17519.5,41.44272887907233,88.22058408093147,28.979206330247834,41.38681546194351,70.17273791044775,19.113821736011477,13.810740788045214,0.4172367745249102,20.239746868306614,41.458344015913354,41.51673466879685,41.51673466879685,88.33476270312097,87.60741994899405,87.60741994899405,70.18971094123268,68.42580334482983,68.42580334482983,41.38854108072527,41.17260810372771,41.17260810372771,28.986887508214352,26.729487905127684,26.729487905127684,20.23526486837829,20.316347801256427,20.316347801256427,33.0755860363318,74.3905908513898,66.45698912964178,69.42580334482983,-23.546368528602418,0.004308017801123534,-18.517977753252335,-5.024082757548959,50,2019,site_5119,Sion_Mumbai_MPCB,98.93934719900375,108.00302007804402,"C2,C4,C6",C2
17567.5,41.389783049987315,127.88517377072016,41.56088418715512,39.671713055003316,78.2382922517922,55.32692923595578,15.303778427889807,0.6045821395284614,24.10591410269873,41.393093863044996,41.08853214890017,41.08853214890017,128.2048396684967,126.94309162098669,126.94309162098669,78.92435317860746,77.51417674076795,77.51417674076795,39.7086542374012,39.573538739389555,39.573538739389555,41.60405603801409,39.80554848966614,39.80554848966614,24.862569968097446,24.99575773423985,24.99575773423985,46.13440547939409,70.02748320216638,74.75334941186426,78.51417674076795,-24.444515745341914,0.005760345265295771,-17.4307550787812,-7.008000321295419,687,2020,site_5119,Sion_Mumbai_MPCB,117.06762514414747,121.71428184768156,"C1,C2,C4,C6",C2
17519.5,41.84928872140607,127.04231363781538,63.25137559516543,41.96456096747795,102.01227782730318,27.507916164705158,9.273010254387694,0.6916162718204488,23.96972224828751,41.767225610654414,41.56020449490423,41.56020449490423,127.36456096854171,126.2988307417337,126.2988307417337,102.15306391905231,100.79854050068701,100.79854050068701,41.94548303980115,41.53250931798862,41.53250931798862,63.467942494976036,61.972788105376125,61.972788105376125,23.97000250281567,24.276144318419036,24.276144318419036,72.09708704159254,72.62153367899178,97.4921844605079,101.79854050068701,-29.29018930220609,-0.2481137645233319,-18.329564000093406,-11.208739066636019,192,2021,site_5119,Sion_Mumbai_MPCB,121.90048957188431,128.23329207625216,"C2,C4",C2
17519.5,44.37987979483307,120.81486538742156,53.24628147528994,41.99130612105011,91.11565382736725,20.210500733291433,22.165792057117358,0.9276597412779303,17.027913004783628,44.36474601373921,43.897013198978144,43.897013198978144,120.82595198947715,119.09143524916672,119.09143524916672,91.15514785462418,88.93646679805944,88.93646679805944,42.00893252838473,41.37459734889044,41.37459734889044,53.26223685585868,50.4927610983804,50.4927610983804,17.155306906816385,17.02362864327823,17.02362864327823,58.72860146970862,72.91942459198496,86.5325348201316,89.93646679805944,-27.082624168238283,0.0012317354524482018,-18.15435484809314,-8.92703758469269,231,2022,site_5119,Sion_Mumbai_MPCB,115.53956558478913,121.14996321908713,"C2,C4,C6",C2
17519.5,47.554629905010465,119.18459869780254,84.62629441941944,49.82997706133735,124.80452716799003,20.44979328165375,15.386440447591351,0.7656502969911391,11.655034929114445,47.599376388592994,46.959011596548,46.959011596548,119.78353380602685,117.9258566581849,117.9258566581849,122.77872054725107,120.51049094803759,120.51049094803759,49.869269092514344,48.08266017094017,48.08266017094017,83.03321705180295,81.45926310669493,81.45926310669493,11.834501314492279,11.378446482343282,11.378446482343282,95.07980598003992,83.69368723353293,122.54071816367266,121.51049094803759,-36.014902949264936,-0.7221309381237524,-21.560306892597783,-15.176726994790902,1602,2023,site_5119,Sion_Mumbai_MPCB,121.11167419358694,133.57865205641045,"C2,C4,C6",C2
17519.5,38.39243088546734,77.17255447077032,8.55933488372093,16.518664109731525,24.586440513846753,7.221061843640606,17.992522346368713,0.42315404833643183,26.84943693843594,38.406629059045876,37.93577547912172,37.93577547912172,77.18682411102506,75.1501337006181,75.1501337006181,24.57474075030671,23.851113628318583,23.851113628318583,16.509340009103322,16.05315651372243,16.05315651372243,8.55933488372093,7.736243016759776,7.736243016759776,26.893932569207053,26.956480241371697,26.956480241371697,9.186899426182475,30.13309969669645,23.495650463152717,24.851113628318583,-8.896337399316947,0.00331994425772603,-7.49944543762743,-1.39357201743179,591,2019,site_5120,Colaba_Mumbai_MPCB,90.07661265554171,87.93889848831398,"C1,C2,C4,C6",C2
17567.5,34.61191472868217,65.69615706415938,8.759171332142147,26.428427492199045,33.89159347157612,12.13902123168108,12.648984245076585,0.543585555645619,27.391240591633117,34.63263426587707,34.56110100049799,34.56110100049799,65.97422453849052,64.73419357798164,64.73419357798164,35.61003314353701,34.47641614147305,34.47641614147305,28.172819446307972,27.44820974889217,27.44820974889217,9.048198302469133,8.129728934251126,8.129728934251126,26.509814365625463,26.62823532556399,26.62823532556399,9.050017999016445,49.939312737008905,33.91341675318289,35.47641614147305,-13.783911773164933,0.02945752526632068,-12.405910813810898,-1.3485434340877143,689,2020,site_5120,Colaba_Mumbai_MPCB,78.0017302563413,81.33017698258985,"C1,C2,C4,C6,UNIDENTIFIABLE",C2
17519.5,40.52520611551529,75.17088748390118,7.384364380292095,17.63869443836216,24.615382191557565,17.381998477764487,24.314119510135136,1.0592896235281106,10.978308330043426,40.42854985237338,39.86122900904226,39.86122900904226,74.24764028086179,73.16351337314983,73.16351337314983,24.691214055764718,23.706627913909255,23.706627913909255,17.980103127641584,17.451793246373278,17.451793246373278,7.386408710979702,6.647210695319254,6.647210695319254,6.057827580285076,5.966567602274812,5.966567602274812,8.196603899624634,32.992961351313774,24.207015848741833,24.706627913909255,-9.45115133221282,0.011641178923953822,-8.204774869775875,-1.2347352835129908,684,2021,site_5120,Colaba_Mumbai_MPCB,84.56430253158695,85.63018059962228,"C1,C2,C4,C6",C2
17519.5,40.946023849526696,105.86907501345017,19.373279892848444,34.77366927041391,52.05254253040772,19.277030872158637,16.128401365315376,0.5867385143495788,3.819362579993263,40.96612380522624,40.0991113446338,40.0991113446338,106.05534907081866,104.7954889494399,104.7954889494399,53.546030269721825,52.01525536948555,52.01525536948555,35.07329719153793,34.09031626306736,34.09031626306736,19.446856158484067,18.08671411785972,18.08671411785972,3.029040295293756,2.8767282892284753,2.8767282892284753,21.426374729018274,63.45476029730567,51.16870186848353,53.015255369485544,-19.049876291165162,0.007014193548387078,-15.792545185998627,-3.2503169116181487,211,2022,site_5120,Colaba_Mumbai_MPCB,105.26952550231594,112.80117597680781,"C1,C2,C4,C6,UNIDENTIFIABLE",C2
17519.5,41.32585839097197,96.08659291239432,68.47553913091986,20.41465582137161,53.79326860701466,33.80836577400392,22.64382515842523,0.9849788604010706,10.406263658648053,41.37952628686573,40.185058407370846,40.185058407370846,99.81288909384367,98.4999222255459,98.4999222255459,52.379428504645595,51.58423104551689,51.58423104551689,21.340122858066604,20.993881757051785,20.993881757051785,58.504662217379455,58.37533343212804,58.37533343212804,9.583748378728924,11.438101167315175,11.438101167315175,30.132707079308588,34.52704468734113,42.72486527707167,52.58423104551689,-12.420641717937993,0.9323634747269494,-7.719207059052416,-3.7690711841586286,8388,2023,site_5120,Colaba_Mumbai_MPCB,102.47488208251028,102.09474168787435,"C1,C2,C4,C6,UNIDENTIFIABLE",C2
17519.5,,,,,,,,,,,,,,,,,,,,,,,,,,,,,,,,,,,,0,2019,site_5392,Bandra_Kurla_Complex_Mumbai_IITM,,,,
17567.5,92.83029060941227,217.21571552660154,55.96014054054054,50.06212678494158,89.71290134141064,117.1259013200606,9.56420437324096,1.0455859802847753,11.659560582988906,93.22374508948056,92.58663508260447,92.58663508260447,217.14384832681444,214.83070568400774,214.83070568400774,89.71474025974025,88.55530236836054,88.55530236836054,50.061510416666664,49.76411861228317,49.76411861228317,55.96465614186852,54.7358827618165,54.7358827618165,11.655930359085962,11.35354273192111,11.35354273192111,61.32490161943319,72.6348475708502,87.97842611336033,89.55530236836054,-17.344396901373827,16.00156629554656,-7.1493877056594,5.806557099832133,1,2020,site_5392,Bandra_Kurla_Complex_Mumbai_IITM,247.74886800160337,245.42949626204293,"C1,C2,C4,C6",C2
17519.5,54.02780239084793,146.2007942815186,13.15895146916535,15.11550364017154,21.03083553648925,25.519978781448923,13.06081802175974,0.7342721142403809,12.400987456631972,54.89863884256547,53.89956920029711,53.89956920029711,146.1964316571626,143.3675586084021,143.3675586084021,21.014725675203433,20.54267874115535,20.54267874115535,15.070693748747743,14.631284835517517,14.631284835517517,13.160017317781286,12.662035239902412,12.662035239902412,12.43882610443561,12.033519282076158,12.033519282076158,13.66760030433226,18.97913894259458,20.7709082229383,21.54267874115535,-2.594727824645955,6.652833017302678,-0.24884944249166582,4.30695463514839,346,2021,site_5392,Bandra_Kurla_Complex_Mumbai_IITM,141.2352331661912,139.08315804511398,"C1,C2,C4,C6,UNIDENTIFIABLE",C1
17519.5,59.79770811921891,128.39701323395192,27.78699472356045,52.469470057486575,51.88357205140842,51.62416319510797,14.827899901461652,1.5090629614205124,23.639895976747745,59.80269407320145,58.244550887521186,58.244550887521186,128.93488813229573,125.61387406190329,125.61387406190329,69.48020739326624,69.00129730730083,69.00129730730083,39.37466885915174,38.86183135785789,38.86183135785789,41.867847244194145,41.23867648056441,41.23867648056441,22.598882782232632,22.397065474096777,22.397065474096777,42.228023800168394,62.38416508560203,66.21775189447095,70.00129730730083,-0.15232129636872754,35.72849114488914,7.604569795007671,27.971600053512738,201,2022,site_5392,Bandra_Kurla_Complex_Mumbai_IITM,142.54875622482692,130.02708238854856,"C1,C2,C4,C6,UNIDENTIFIABLE",C1
17519.5,88.96088830857484,149.72108746162144,45.148869554226,72.85434640796187,77.90138179381961,85.78650492352817,18.429315654803442,1.2308708684704845,23.60320482310011,91.07123711968784,89.6701038961039,89.6701038961039,145.85803649299976,143.68714188012933,143.68714188012933,89.34008970316407,88.98521138354795,88.98521138354795,74.42764432206609,74.7537723099144,74.7537723099144,52.2091703681013,51.947243946831406,51.947243946831406,23.802463559843975,22.97748643761302,22.97748643761302,55.30369472413288,89.6339668374067,91.1294672910874,89.98521138354795,-0.7125963564968538,50.12359280122905,9.447408330388846,39.96358811434336,220,2023,site_5392,Bandra_Kurla_Complex_Mumbai_IITM,179.30315948484804,171.733456796673,"C1,C2,C4,C6,UNIDENTIFIABLE",C1
17519.5,,,,,,,,,,,,,,,,,,,,,,,,,,,,,,,,,,,,0,2019,site_5394,Mazgaon_Mumbai_IITM,,,,
17567.5,100.98514142335766,141.4619508308673,14.59029696714406,20.695076013513514,37.209081525173794,69.91587070962308,6.510843979057591,0.5907448425624322,49.82789816957711,100.96230716567776,98.11576660772921,98.11576660772921,141.4343384194944,139.02755599800895,139.02755599800895,37.30672734970364,35.05788344988345,35.05788344988345,20.710983502538074,19.817273565337633,19.817273565337633,14.66999149298171,12.327448435689456,12.327448435689456,50.01319991483926,50.7892523364486,50.7892523364486,14.674156348590637,35.448759244892685,34.54088440651668,36.05788344988345,-14.101623157855466,-2.5870106025342645,-11.81155302092446,-4.877080739465269,22,2020,site_5394,Mazgaon_Mumbai_IITM,210.64040300959283,205.10402585257773,"C1,C2,C4,C6",C2
17519.5,66.60305130456597,99.7156916747794,10.793129486597001,25.72362976241113,38.98008995366024,38.53479843598448,5.1995680854405535,0.42788778580024067,31.092084400536653,66.63275778622834,65.30724224206831,65.30724224206831,99.70109308686222,97.2876946365294,97.2876946365294,39.19847887840191,37.689100779884356,37.689100779884356,25.724828919330292,24.73668996970605,24.73668996970605,11.101091859452133,10.026577085777255,10.026577085777255,31.107036065173613,30.6826974208987,30.6826974208987,11.991373077532902,44.30379668622166,37.62485413033138,38.689100779884356,-16.212242618121028,-2.643451828954147,-14.345252442976143,-4.5104420040990325,167,2021,site_5394,Mazgaon_Mumbai_IITM,138.9632109323272,137.67378405520387,"C1,C2,C4,C6,UNIDENTIFIABLE",C2
17519.5,83.75910727759107,113.7127711215627,16.542256130371282,39.67313512108157,54.71768706727387,49.40626387908946,15.928174390914087,1.3966352424614192,24.96763054282579,83.55062224366043,81.13398747390396,81.13398747390396,113.39717014307878,110.59422692511548,110.59422692511548,54.95056415059,51.1747917262805,51.1747917262805,40.35571478207158,38.61955717394944,38.61955717394944,16.55255753983527,12.692986501687292,12.692986501687292,24.96956282917057,25.16857429000644,25.16857429000644,14.567788784527597,67.82193574710902,50.79178811291219,52.1747917262805,-20.325492909739882,-0.20856509695290837,-17.99279047562916,-2.5412675310636255,1156,2022,site_5394,Mazgaon_Mumbai_IITM,166.86909565258998,168.776481636694,"C1,C2,C4,C6,UNIDENTIFIABLE",C2
17519.5,53.9441591818003,94.60332806428242,22.611594971380416,83.79056767202707,103.19348048535969,94.32906756898176,25.04131278043132,1.6300139786282306,37.82833047917542,53.70786582320626,50.85796082315396,50.85796082315396,93.94698322718331,90.42515006222092,90.42515006222092,103.19508227891863,99.39372183577801,99.39372183577801,83.97270118722093,81.91741265557056,81.91741265557056,22.61394078808738,18.202224800409013,18.202224800409013,37.84621354200349,38.01278409090909,38.01278409090909,20.718901179763186,137.25631665877287,94.7038906350915,100.39372183577801,-39.27241733929307,-0.06640988184747577,-35.93861790342117,-3.400209317719386,498,2023,site_5394,Mazgaon_Mumbai_IITM,125.19531109514325,131.55311038574675,"C1,C2,C4,C6,UNIDENTIFIABLE",C2
17519.5,,,,,,,,,,,,,,,,,,,,,,,,,,,,,,,,,,,,0,2019,site_5396,Deonar_Mumbai_IITM,,,,
17567.5,97.57052560036247,165.25382592928375,18.18597067969791,45.457164742451155,55.0653719742394,12.231194805194805,12.649357168652942,0.5924091010484052,54.848943740271295,97.63733091239219,96.89664280424587,96.89664280424587,165.3564540295119,163.7833843873518,163.7833843873518,55.11550144540806,53.35946098941669,53.35946098941669,45.49400755723495,45.3206686405132,45.3206686405132,18.19484996665926,15.421282689912829,15.421282689912829,54.556238573021176,54.57990163147793,54.57990163147793,18.101329714760453,75.05023683190251,50.81394073663805,54.35946098941669,-15.031106569994975,7.938584879534756,-12.01661949009233,4.924097799632108,5,2020,site_5396,Deonar_Mumbai_IITM,216.64471168628603,215.52462637506557,"C2,C4,C6",C6
17519.5,55.399718630268204,100.29540661519513,13.346171223978962,22.072916740899107,29.94494597420704,32.72122639704006,7.990227576974564,1.0800996196341244,23.705292716603378,55.715246889285815,54.200528780682234,54.200528780682234,100.95358655308794,98.54114817532857,98.54114817532857,30.237168272794666,28.88058182709822,28.88058182709822,22.068346866541745,21.540019101269102,21.540019101269102,13.346234947395107,11.970320967069613,11.970320967069613,23.700623554189825,23.70341019554651,23.70341019554651,13.606581078847972,33.65932689644319,27.969915801070194,29.88058182709822,-6.650601582915608,5.613427392415013,-4.356688794772203,3.3195146042716077,179,2021,site_5396,Deonar_Mumbai_IITM,117.08727144977509,115.71924952281857,"C1,C2,C4,C6,UNIDENTIFIABLE",C6
17519.5,70.50498929258465,131.73800493863024,35.39547458351132,22.252566434813627,45.164084470880226,53.54658104517272,10.600111587982832,1.8596244221143925,36.35295698089765,70.51207168276564,69.69381609195402,69.69381609195402,131.74857516624877,130.26431537242473,130.26431537242473,45.6606522695285,45.418282689853974,45.418282689853974,22.128649313087493,21.921333280456857,21.921333280456857,36.41980951537166,36.516092323950424,36.516092323950424,36.77331869245713,36.57062565888985,36.57062565888985,38.51441776804524,31.88404585874266,46.056789555383084,46.418282689853974,-3.7173644252764526,13.89667014212808,3.1053886309211767,7.07391708593045,33,2022,site_5396,Deonar_Mumbai_IITM,148.82085765973974,147.41822418122797,"C1,C2,C4,C6,UNIDENTIFIABLE",C6
17519.5,77.52366460077562,128.37316419860628,37.99600534695343,23.233402139574952,47.91695247975102,30.444744861233307,15.091404164442071,1.4418305475504323,32.168294287048575,77.57840065621582,76.65825813345998,76.65825813345998,128.3988222181619,127.0073864177919,127.0073864177919,59.36152982337341,59.21990193747771,59.21990193747771,23.116077274680627,23.06951228829747,23.06951228829747,44.80575688192746,44.66558348095659,44.66558348095659,32.16043645849556,32.49458865010074,32.49458865010074,50.732774555691215,35.9689800298467,58.616094152760816,60.21990193747771,-6.913385198402859,13.995629785215801,1.7695753762940183,5.312669210518924,83,2023,site_5396,Deonar_Mumbai_IITM,153.94240107327377,152.36590250943019,"C1,C2,C4,C6,UNIDENTIFIABLE",C4
17519.5,,,,,,,,,,,,,,,,,,,,,,,,,,,,,,,,,,,,0,2019,site_5397,Khindipada-Bhandup_West_Mumbai_IITM,,,,
17567.5,56.16792943361189,110.98076563958917,8.697445319335083,47.613365384615385,32.19861646234676,11.46404973357016,3.852373029772329,0.8100964066608238,49.57298415492958,56.08896780303031,55.499936842105264,55.499936842105264,110.68252621544327,109.42520084566597,109.42520084566597,32.23636363636364,31.313448607108548,31.313448607108548,47.85696302816901,46.24033106134372,46.24033106134372,8.701650570676032,8.655051162790699,8.655051162790699,48.91139161462979,49.347750247770065,49.347750247770065,8.688547259565667,53.368134436401235,31.425480868665975,32.313448607108555,0.4168848796301128,23.897342295760083,2.0236381438535522,22.290589031536648,1,2020,site_5397,Khindipada-Bhandup_West_Mumbai_IITM,113.48874172563761,111.34469676752491,"C1,C2,C6",C1
17519.5,37.714233677609734,72.63197193956213,7.40729624592808,18.28340482906116,14.165057082318713,9.799080003808195,3.2988758059043097,0.994238352926541,31.212388746964397,37.71274060635877,36.551069776862576,36.551069776862576,72.62708984917184,70.64629531837107,70.64629531837107,14.741980783147062,14.156471322232258,14.156471322232258,18.525741916859122,18.095065348057034,18.095065348057034,7.414949062689616,7.317000721723888,7.317000721723888,31.214297340777897,30.57038778562237,30.57038778562237,7.483961775797052,21.829744101082323,14.372669082717076,15.156471322232258,1.9856585453945947,12.39596563442301,3.3337351408544658,11.04788903896314,129,2021,site_5397,Khindipada-Bhandup_West_Mumbai_IITM,79.45503809310945,76.14064086390188,"C1,C2,C4,C6,UNIDENTIFIABLE",C1
17519.5,44.605224300207794,83.20315132605305,5.852850798678051,13.561370402410285,10.361107033848896,14.905632755192979,6.1498704088704095,1.3668539215041748,42.92006359178669,44.617569087796525,42.82702908610706,42.82702908610706,83.2121670491051,80.27056715002033,80.27056715002033,9.15653964318439,8.609162233265128,8.609162233265128,14.442035062290783,14.099018833878425,14.099018833878425,5.852811305814715,5.49233055752642,5.49233055752642,43.228793913279766,42.62576688157449,42.62576688157449,4.879861411903513,13.651157682223388,8.44579378605139,9.609162233265126,2.6430756571771044,9.864967578783556,3.594593644889727,8.913449591070934,112,2022,site_5397,Khindipada-Bhandup_West_Mumbai_IITM,97.30268273888291,92.68150922019298,"C1,C2,C4,C6,UNIDENTIFIABLE",C1
17519.5,67.48049547378007,133.64698189027004,6.190830186417311,14.467128380180279,11.624241984200742,10.710521062943913,8.933385933517705,1.2047281047142706,49.66628291171915,67.43659646483641,65.09017103762828,65.09017103762828,133.5440483610962,129.35401486543188,129.35401486543188,12.699938804650847,12.399239032451922,12.399239032451922,16.63385707012855,15.870141607663472,15.870141607663472,6.801691091954022,6.791496703484888,6.791496703484888,49.67125695919187,49.45334684601683,49.45334684601683,7.077068280519481,20.705467553246756,13.742301298701298,13.399239032451922,2.198756789033489,12.621375584415583,3.474553456756011,11.345578916693066,589,2023,site_5397,Khindipada-Bhandup_West_Mumbai_IITM,140.91271315207345,137.3058290200471,"C1,C2,C4,C6",C1
17519.5,,,,,,,,,,,,,,,,,,,,,,,,,,,,,,,,,,,,0,2019,site_5398,Navy_Nagar-Colaba_Mumbai_IITM,,,,
17567.5,52.44119588981198,138.0022819672131,8.28104755643217,42.635727432077125,24.580778679534987,11.619045725646123,5.53567868852459,1.9059266535690895,43.646801051709026,52.44647341938306,51.61025160335472,51.61025160335472,137.96138431114042,136.01832771084335,136.01832771084335,24.59089552238806,23.424927290353853,23.424927290353853,42.635727432077125,40.11255596555966,40.11255596555966,8.28104755643217,7.833442003307349,7.833442003307349,43.51002865329513,43.6542234984446,43.6542234984446,8.624072433460077,43.33245214557306,22.626360673546987,24.424927290353853,4.089324763612957,23.438870179250408,5.561415974204585,21.966778968658783,2,2020,site_5398,Navy_Nagar-Colaba_Mumbai_IITM,138.25707700503955,134.36268466882447,"C1,C2,C4,C6",C1
17519.5,65.88047717240713,124.72106212424849,8.366838593687575,27.60692054933019,16.40712396113777,13.226845047298882,3.660669035610576,0.8495783060207697,39.14013028329041,65.78264537902389,65.03354605481574,65.03354605481574,124.66939118332469,123.09799453571303,123.09799453571303,16.404686602400158,16.041596334185847,16.041596334185847,27.608362824401752,26.538534239607902,26.538534239607902,8.367379125709263,8.128566485839992,8.128566485839992,39.116144300494554,38.92757688069719,38.92757688069719,9.11206358763333,28.162404006713956,17.241252910282096,17.04159633418585,3.692250913767189,17.48248019017433,5.259609951557251,15.915121152384264,2064,2021,site_5398,Navy_Nagar-Colaba_Mumbai_IITM,148.78338214039135,144.2120653341426,"C1,C2,C4,C6,UNIDENTIFIABLE",C1
17519.5,50.08756901730796,119.16722345608254,5.3732213877272335,34.46696078842525,15.993317720530834,21.597030688530005,6.145284142571376,0.8042063831302986,43.48556458511548,50.52034970645078,49.03921813077938,49.03921813077938,119.20639760461863,116.81486871155965,116.81486871155965,16.109994908566335,15.514046367003521,15.514046367003521,34.33538645793234,33.11792114527107,33.11792114527107,5.373193317012412,5.079636916555315,5.079636916555315,43.49810970825308,44.02035492668274,44.02035492668274,5.446623920247733,34.8002146357364,15.845355027978487,16.51404636700352,5.813862939925714,22.018003313558868,6.769999511039701,21.06186674244488,532,2022,site_5398,Navy_Nagar-Colaba_Mumbai_IITM,131.942348744258,126.88689319043628,"C1,C2,C4,C6,UNIDENTIFIABLE",C1
17519.5,75.35585904849144,126.12461260537937,20.393909254037425,29.424674662072622,28.097037260420855,41.75809577652146,24.688590853590856,0.913664447403462,64.73842213114754,75.07396079561833,71.6742746180511,71.6742746180511,125.7670612339124,121.72611734530297,121.72611734530297,26.09259038537942,26.208141661634027,26.208141661634027,29.45143492695883,30.05081148095274,30.05081148095274,18.73986537023186,18.913535717142626,18.913535717142626,64.45930232558139,65.08354285714286,65.08354285714286,19.027920570493812,31.297300807688373,27.230672732849403,27.208141661634027,4.32857554656528,22.224235714285715,7.81227548849327,18.74053577235772,829,2023,site_5398,Navy_Nagar-Colaba_Mumbai_IITM,159.51785815973668,153.01182444057727,"C1,C2,C4,C6,UNIDENTIFIABLE",C1
17519.5,,,,,,,,,,,,,,,,,,,,,,,,,,,,,,,,,,,,0,2019,site_5399,Chakala-Andheri_East_Mumbai_IITM,,,,
17567.5,91.20424954792043,199.5647178329571,16.21902566539924,35.88986236355007,40.837831267874165,39.72397338403042,14.296598702502315,0.9688575268817203,24.033659730722153,91.21237080689029,90.05248904042864,90.05248904042864,199.81405553026855,199.502245909767,199.502245909767,40.829351454458745,39.748517169614985,39.748517169614985,35.883638954869355,35.57080352514256,35.57080352514256,16.21902566539924,14.036679144385024,14.036679144385024,24.033659730722153,24.0,24.0,15.505198715703441,52.06487939287799,39.11144191476941,40.748517169614985,-9.116407398840243,9.848057176196033,-6.493867151617467,7.225516928973257,0,2020,site_5399,Chakala-Andheri_East_Mumbai_IITM,209.3906548647811,203.43921644984448,"C1,C2,C4,C6,UNIDENTIFIABLE",C2
17519.5,64.3633536939089,137.58730575625793,17.282329529345056,30.950167070390428,35.19421901528014,30.818804717382065,10.428621200634089,0.8209820949570814,20.634270334928228,64.22962775420831,61.70202352231605,61.70202352231605,136.93747373859136,132.24313419257012,132.24313419257012,35.185568942910805,33.9634045404081,33.9634045404081,30.96414196316825,30.535153381407138,30.535153381407138,17.28687537670626,15.299545580165029,15.299545580165029,20.636543782247813,20.620157237801912,20.620157237801912,15.320290736362841,41.00772161807197,32.53210620786271,34.9634045404081,-5.352608025339092,11.169142594537815,-2.7364483785535483,8.552982947752271,344,2021,site_5399,Chakala-Andheri_East_Mumbai_IITM,135.92321999593085,132.11268773849807,"C1,C2,C4,C6,UNIDENTIFIABLE",C2
17519.5,64.76643200758859,118.0498873545279,23.862638238050607,44.45025491880075,41.07326662236642,81.36573470757808,11.402865525672372,0.7408469669865018,23.43958024167903,65.95776772717821,64.9340514686574,64.9340514686574,118.21659135057764,115.98167044314846,115.98167044314846,43.93274773609315,42.42679466319557,42.42679466319557,44.92678152724968,44.49564782071492,44.49564782071492,23.902715889971436,21.245754134461762,21.245754134461762,23.44007067137809,23.192109186833353,23.192109186833353,23.59897094337657,50.471427702245144,41.11159868729489,43.42679466319557,1.7974718177979119,27.509826059785443,6.058475092355186,23.248822785228164,25,2022,site_5399,Chakala-Andheri_East_Mumbai_IITM,140.67057636190557,138.03729446740147,"C1,C2,C4,C6,UNIDENTIFIABLE",C1
17519.5,54.184603104048605,100.9053911785436,14.831572088419664,42.88514456391876,30.054778861154443,31.113248410206875,22.086577266483516,1.4261571222644478,47.81183021983359,54.098351824274005,53.3763207008965,53.3763207008965,100.7050061564867,99.50266683002533,99.50266683002533,30.413192497532084,29.360043412851926,29.360043412851926,42.84566349105114,42.84356227421297,42.84356227421297,14.833396304240225,12.541177181083341,12.541177181083341,45.09689644576462,44.89391894356692,44.89391894356692,12.363129065092371,41.73696992213345,28.91666038984172,30.360043412851926,3.1029982910375478,24.800906964921197,5.386670012655628,22.51723524330312,873,2023,site_5399,Chakala-Andheri_East_Mumbai_IITM,127.44961934336028,124.49682525285894,"C1,C2,C4,C6,UNIDENTIFIABLE",C1
17519.5,,,,,,,,,,,,,,,,,,,,,,,,,,,,,,,,,,,,0,2019,site_5400,Borivali_East_Mumbai_IITM,,,,
17567.5,48.9879901500938,148.2460201401051,8.742623989512783,31.59103779768407,18.128736335811105,4.948531147540983,,1.0179454743729552,11.369843527738265,49.017732079906,48.508693467336684,48.508693467336684,148.30055214723924,147.41158165767536,147.41158165767536,17.27216283098243,16.971855670103093,16.971855670103093,31.59574082167832,30.889241982507286,30.889241982507286,8.511054015296367,8.375889570552147,8.375889570552147,11.320665083135392,10.635484713875098,10.635484713875098,8.113494731675392,29.00706230366492,16.039463350785343,17.971855670103093,4.652730498718043,18.667990837696337,6.136715355909547,17.184005980504832,1,2020,site_5400,Borivali_East_Mumbai_IITM,138.32617398749375,136.1688294005356,"C1,C2,C6",C1
17519.5,36.42534531458547,112.15471186981495,7.454592433006729,15.060417086022143,11.953947655719807,7.627425976868696,,0.38431997899098364,16.553715848601595,37.348462425523735,36.5054463870714,36.5054463870714,112.21335864843122,111.47906697885627,111.47906697885627,12.903663003663004,12.671190440849042,12.671190440849042,15.202347255994336,14.877650063430593,14.877650063430593,7.4477272455805075,7.35778192371476,7.35778192371476,16.55421899355901,16.270096253902185,16.270096253902185,7.727815712130526,18.4907595909929,12.556634631502487,13.671190440849042,2.3824146392587315,11.603091792837589,3.771305398019383,10.214201034076938,128,2021,site_5400,Borivali_East_Mumbai_IITM,111.67102510228635,109.76160013179485,"C1,C2,C4,C6,UNIDENTIFIABLE",C1
17519.5,46.298428366882845,121.27133050351287,9.749847008380431,26.909184532550167,16.676461585552495,11.66196857396976,,0.41117152007149765,26.340432656888353,46.386192008127324,45.53558193886137,45.53558193886137,121.24050113561434,119.40225866386623,119.40225866386623,16.7094638289164,16.078528071150636,16.078528071150636,26.90788721362835,25.885712892741058,25.885712892741058,9.765934935521688,9.326720349829351,9.326720349829351,26.338670775827417,26.07704785077048,26.07704785077048,9.384020890897354,26.553212653324724,15.940321497740477,17.078528071150636,4.903351412602125,18.407741233683137,6.654281159294012,16.65681148699125,129,2022,site_5400,Borivali_East_Mumbai_IITM,121.29928578839298,117.0956865060573,"C1,C2,C4,C6,UNIDENTIFIABLE",C1
17519.5,42.612266274924075,105.02372653337851,7.958165785560879,48.89051243469174,18.55817376890111,14.058337724453812,,0.9479632997726535,32.11322910206613,42.510788045277025,41.85174274012029,41.85174274012029,104.52881271081128,103.05583484073928,103.05583484073928,18.152351382052252,17.580957962253702,17.580957962253702,48.029039745080304,46.7270727907855,46.7270727907855,7.9240194697597355,7.417027422973035,7.417027422973035,32.07681746861925,32.353532410779316,32.353532410779316,6.549721460115155,45.91684228296719,17.81402873274079,18.580957962253706,12.373275173024844,35.20681253376553,13.654244238307069,33.92584346848331,251,2023,site_5400,Borivali_East_Mumbai_IITM,110.36965655752199,104.79659393269523,"C1,C2,C4,C6,UNIDENTIFIABLE",C1
17519.5,,,,,,,,,,,,,,,,,,,,,,,,,,,,,,,,,,,,0,2019,site_5401,Sector-19A_Nerul_Navi_Mumbai_IITM,,,,
17567.5,96.53205045758101,146.6071854564478,39.905402635431926,48.53904808396387,45.85442007797272,22.41108589555881,5.688163014035951,1.0404870210135972,18.135277150739906,96.59522772277228,96.82606246514223,96.82606246514223,146.68581431943352,145.14107142857142,145.14107142857142,45.985283993115324,44.92359538207806,44.92359538207806,48.85463432835821,46.667949930458974,46.667949930458974,39.932803418803424,38.62710277777778,38.62710277777778,18.132049673858507,19.070744772271556,19.070744772271556,25.566709822747416,66.99391580502216,50.42586041358937,45.92359538207806,9.975626426295868,38.783408949658174,16.770543154860295,31.988492221093743,13,2020,site_5401,Sector-19A_Nerul_Navi_Mumbai_IITM,201.006064719528,199.57940865319347,"C1,C2,C4,C6,UNIDENTIFIABLE",C6
17519.5,45.47533491976718,102.9563580326599,22.22984528226875,20.49038098393242,19.554112038140644,18.33779925750025,4.5648430289734465,1.0327268287918743,10.993941117007832,45.44975852272728,44.74543300713708,44.74543300713708,102.91786346887324,101.14864931272702,101.14864931272702,20.172030941750595,19.40182933736077,19.40182933736077,21.288913430957958,20.582255069816988,20.582255069816988,22.221293679555806,21.689426223573708,21.689426223573708,11.003888186187705,11.310485559112324,11.310485559112324,16.886438821218075,19.65009591916924,22.35612236879034,20.40182933736077,10.148582457252632,24.317273631840802,14.471783929565863,19.994072159527565,50,2021,site_5401,Sector-19A_Nerul_Navi_Mumbai_IITM,111.97253806139912,108.4793407556804,"C1,C2,C4,C6,UNIDENTIFIABLE",C1
17519.5,50.1108361901396,100.55062010281866,24.020511333118485,36.1678897365261,34.486991353449795,63.95357854080295,6.408821596969932,1.7597915221198004,14.495290383897355,47.86034201829221,46.998819285436554,46.998819285436554,98.14886952516218,96.61696843609464,96.61696843609464,37.163603499241034,36.37187886440826,36.37187886440826,39.451348894939144,38.599919139822546,38.599919139822546,26.714423613075272,25.829905096028426,25.829905096028426,14.481357060381715,14.826438744257274,14.826438744257274,24.029809596521922,42.16096368167118,38.312358305498115,37.37187886440826,5.196547309397515,28.300766240707453,10.060702558753324,23.436610991351642,429,2022,site_5401,Sector-19A_Nerul_Navi_Mumbai_IITM,116.15291831882418,108.75584482448141,"C1,C2,C4,C6,UNIDENTIFIABLE",C1
17519.5,97.16951027840337,131.14440286662497,41.71558203799654,72.47631202760434,58.95265546701717,85.20530061912406,13.728402057323718,1.5147499505048503,24.438575659900692,97.17600326577659,95.67379827422918,95.67379827422918,131.12566250542247,129.512296468598,129.512296468598,64.28515772723017,62.71289495408111,62.71289495408111,77.36043149466192,75.81120993471752,75.81120993471752,44.789372830583424,43.7001318810401,43.7001318810401,27.342199928524018,27.691480410500652,27.691480410500652,42.951537034810315,87.29682770396201,65.47286779294176,63.71289495408111,13.83162168664875,59.794737625826436,22.244507650019074,51.38185166245611,1194,2023,site_5401,Sector-19A_Nerul_Navi_Mumbai_IITM,180.3578068515038,175.50066350255298,"C1,C2,C4,C6,UNIDENTIFIABLE",C1
17519.5,,,,,,,,,,,,,,,,,,,,,,,,,,,,,,,,,,,,0,2019,site_5402,Malad_West_Mumbai_IITM,,,,
17567.5,107.97961865380196,132.6411122095897,36.597408979227154,25.06006921187765,43.693014065639645,60.187226815642454,4.731565369479668,0.8067569930069931,34.42180209698559,108.25450265405031,97.83411542338709,97.83411542338709,132.63335148514852,130.782272,130.782272,43.693014065639645,40.839329884207935,40.839329884207935,25.06006921187765,20.637176734897654,20.637176734897654,36.597408979227154,35.74674626145683,35.74674626145683,34.41193463478833,35.668075794621025,35.668075794621025,37.674694887746824,26.335817040843928,39.8486015688396,41.839329884207935,-0.26032051261355865,16.019199350824994,6.306415667677646,9.452463170533788,3,2020,site_5402,Malad_West_Mumbai_IITM,208.03496371188743,197.15902806428534,"C1,C2,C4,C6",C1
17519.5,58.1159193742479,112.44559365472138,5.652517112230402,15.491464012382835,13.16257429148927,6.1936607603647,4.51374432677761,0.8260177283034424,23.777990850943244,58.08937643043565,55.003867851798105,55.003867851798105,112.45259398496242,104.99794329719921,104.99794329719921,13.385102295293954,12.870932613456935,12.870932613456935,16.13452673155593,15.44593295448621,15.44593295448621,5.653677176592708,5.0851023882714586,5.0851023882714586,23.782605859232547,24.237160664203355,24.237160664203355,5.426812492364081,20.226689676237015,12.532185705558948,13.870932613456935,-0.0815113372392424,8.159530831099195,0.8800114083623303,7.198008085497624,58,2021,site_5402,Malad_West_Mumbai_IITM,130.34353217473435,123.60326517359378,"C1,C2,C4,C6,UNIDENTIFIABLE",C1
17519.5,33.93185252374346,112.45485156512957,6.592099936983357,7.749661476680287,13.644952905881533,8.074576032154567,5.719850851715206,1.0594564614531337,15.768378549738046,34.28848467343033,33.78262027627819,33.78262027627819,112.4720391456677,107.98742669082573,107.98742669082573,13.388976666857767,13.068187902512944,13.068187902512944,7.826083846612359,7.706507331799886,7.706507331799886,6.291872634249823,5.988946220930232,5.988946220930232,15.769857978279031,16.145253682487724,16.145253682487724,6.837292121275703,14.101368946705833,13.018693873268989,14.068187902512944,-4.476849101546492,0.09286598154362419,-3.4356720557261173,-0.9483110642767504,943,2022,site_5402,Malad_West_Mumbai_IITM,106.8048570339365,103.38339806249448,"C1,C2,C4,C6,UNIDENTIFIABLE",C2
17519.5,70.61902286251174,103.7527316952251,3.0337141372972107,4.2494791328353365,6.848604873768596,4.720917967961909,5.436243626458058,1.5487212215601303,30.201925505050504,70.62556582347874,70.04037919638198,70.04037919638198,103.75508243461015,99.81198914760631,99.81198914760631,7.291552030988274,6.626026573506672,6.626026573506672,4.78488008777888,4.452751909054372,4.452751909054372,3.0412254525507407,2.599537330981775,2.599537330981775,30.20280338426569,30.495823265447015,30.495823265447015,3.120113471311777,8.813130441187303,7.139616262797377,7.626026573506671,-2.3677850103607603,0.41589585172109444,-1.8680778451734865,-0.08381131346617966,516,2023,site_5402,Malad_West_Mumbai_IITM,108.12634587038674,104.75009017524656,"C1,C2,C4,C6,UNIDENTIFIABLE",C2
17519.5,,,,,,,,,,,,,,,,,,,,,,,,,,,,,,,,,,,,0,2019,site_5403,Siddharth_Nagar-Worli_Mumbai_IITM,,,,
17567.5,,,,,,,,,,,,,,,,,,,,,,,,,,,,,,,,,,,,0,2020,site_5403,Siddharth_Nagar-Worli_Mumbai_IITM,,,,
17519.5,36.076566935663934,57.30172593540134,7.913830557094892,17.84693484585962,11.209452152721363,2.5394641908052087,,0.4285593275137407,43.083363549461055,36.08069470425079,34.998158808933,34.998158808933,57.26969912880136,55.604662905400616,55.604662905400616,12.100255599139569,11.696746821448315,11.696746821448315,16.474620044324055,19.637074186723087,19.637074186723087,8.582483449055385,8.45367106314948,8.45367106314948,43.04027044854881,42.108889849434476,42.108889849434476,8.684090571049136,23.059588950863215,13.22734661354582,12.696746821448315,5.69712043613667,17.793504114680115,7.308725776479957,16.181898774336826,164,2021,site_5403,Siddharth_Nagar-Worli_Mumbai_IITM,77.63629783153245,73.39019441914232,"C1,C2,C4,C6,UNIDENTIFIABLE",C1
17519.5,42.75773942525024,69.69227256580011,8.83987425289141,49.94196141821799,28.629771723382454,11.109085994736466,,0.797921081358762,30.62127355889318,42.70094150381777,40.544084537339124,40.544084537339124,69.61506406937615,65.76123484250557,65.76123484250557,20.578582402949912,20.751055010472935,20.751055010472935,35.753402677077524,35.932201458798,35.932201458798,3.8958622833068577,3.613705128205128,3.613705128205128,30.719765951152166,30.451008020810754,30.451008020810754,6.048608391135172,41.11631060734224,22.522008120453393,21.751055010472935,3.636052028131619,23.461737516869096,4.75238529014845,22.345404254852266,2022,2022,site_5403,Siddharth_Nagar-Worli_Mumbai_IITM,100.50719320540206,79.69923183184213,"C1,C2,C4,C6,UNIDENTIFIABLE",C1
17519.5,75.76777199892922,117.25742214731679,5.194179327717862,19.374553868794052,10.085524290887145,13.78783607736573,,1.5125132743362832,57.3266905255227,47.15860989329142,45.71552563984956,45.71552563984956,77.60478693005342,74.60120320486256,74.60120320486256,9.951256209294623,9.228963852513427,9.228963852513427,19.932717548948517,18.604518792522622,18.604518792522622,4.955460365853659,4.115447273696841,4.115447273696841,57.96637300401164,57.29683331899148,57.29683331899148,4.060875124492454,18.500057029035467,9.862080747720832,10.228963852513427,3.2996374263327453,12.721296338760224,4.065898608068617,11.955035157024353,604,2023,site_5403,Siddharth_Nagar-Worli_Mumbai_IITM,102.15003642930222,98.20967021479191,"C1,C2,C4,C6,UNIDENTIFIABLE",C1
17519.5,,,,,,,,,,,,,,,,,,,,,,,,,,,,,,,,,,,,0,2019,site_5412,Kandivali_East_Mumbai_MPCB,,,,
17567.5,93.9315592203898,187.24084067253804,39.28572213500785,63.09547021943574,100.69672970843183,13.944239811912224,17.60077805077805,1.0963930348258706,28.605483599663582,93.89506444275966,94.19792153589316,94.19792153589316,187.57446428571427,186.52329401088932,186.52329401088932,100.9608155186065,95.70431878895815,95.70431878895815,63.09547021943574,62.602244027303755,62.602244027303755,39.28572213500785,33.60607468123861,33.60607468123861,30.356723518850988,30.709558521560577,30.709558521560577,39.52136722939424,112.16437219463754,91.79047666335651,96.70431878895815,-33.91973381623566,0.018540218470705194,-27.908602548120598,-5.992591049644359,0,2020,site_5412,Kandivali_East_Mumbai_MPCB,214.13625369290907,214.26669000796028,"C2,C4,C6",C2
17519.5,46.76615280573729,113.27643163682693,24.89645905211549,29.875957782839787,54.7940852274447,12.63516558122389,21.321494914346893,0.7029961895848653,17.99685209930375,46.663916346214464,46.8871990352349,46.8871990352349,113.18104946897708,111.90501227735119,111.90501227735119,54.796427339044094,52.46741110334963,52.46741110334963,29.872432719761864,29.054019020666054,29.054019020666054,24.900719583446854,22.26373757319897,22.26373757319897,21.178802631578947,21.13216522952067,21.13216522952067,26.69656271800426,52.40147290585204,49.57457892967845,53.46741110334963,-17.098442515705177,0.00885013257646492,-13.039222975576847,-4.050369407551863,119,2021,site_5412,Kandivali_East_Mumbai_MPCB,119.23727205942562,120.36557955079765,"C1,C2,C4,C6",C2
17519.5,45.53640869980879,124.97108794605228,33.956916179337234,17.266215569757446,31.7898991616695,18.46339103291714,18.417547928676765,0.6173225443919982,12.269463944682252,45.161691144604426,44.56494077207826,44.56494077207826,124.97601537331148,121.493642021409,121.493642021409,35.78821931864824,35.42600253051503,35.42600253051503,14.569925149700596,14.355387778563848,14.355387778563848,33.95864121958827,33.33235948453175,33.33235948453175,13.198417701368992,11.619446312250473,11.619446312250473,46.06110073868883,18.819947971683593,47.38674669128963,36.42600253051503,-11.576611047084496,0.12680145248645983,-4.56979274699603,-6.880016847602006,6361,2022,site_5412,Kandivali_East_Mumbai_MPCB,118.6680312208226,115.57711589232973,"C1,C2,C4,C6,UNIDENTIFIABLE",C2
17519.5,36.06347717816164,116.37201844602215,21.738074583359737,23.415697742824413,44.32921775637463,13.740785538581047,34.605210767878646,0.7796841249186727,20.061201294412893,36.06285664743529,35.70657604468642,35.70657604468642,116.38371574886938,113.55860643471753,113.55860643471753,48.622736039548805,46.506794891462754,46.506794891462754,25.811519513643827,25.197258009348992,25.197258009348992,23.639625341809012,21.55659634485498,21.55659634485498,22.67076702280338,22.421601928622927,22.421601928622927,26.175954023140203,46.62244188113149,46.07250582904404,47.506794891462754,-15.574315100438696,0.01566030265704726,-11.594704390848404,-3.9639504069332436,716,2023,site_5412,Kandivali_East_Mumbai_MPCB,110.35603758752053,110.49701238617193,"C1,C2,C4,C6,UNIDENTIFIABLE",C2
17519.5,,,,,,,,,,,,,,,,,,,,,,,,,,,,,,,,,,,,0,2019,site_5413,Mulund_West_Mumbai_MPCB,,,,
17567.5,85.30872435325603,191.85090740740742,105.69811374407584,17.556682926829268,122.48388625592418,65.44424644549763,15.794292321924141,0.9196765249537892,71.8001134215501,85.45784153005464,84.81071572580645,84.81071572580645,191.83803386641583,187.0453838174274,187.0453838174274,123.50580832526622,132.01456762749444,132.01456762749444,17.548783120706574,17.105766806722688,17.105766806722688,106.0314899713467,108.92236344537815,108.92236344537815,71.8001134215501,72.58248459958932,72.58248459958932,134.83187290640393,32.174060591133006,126.71229064039409,133.01456762749444,-28.48639569023035,0.023435960591132652,-7.9884574468085106,-20.47450228283071,30,2020,site_5413,Mulund_West_Mumbai_MPCB,206.38633108510547,200.99820058586474,"C2,C4",C2
17519.5,47.176709040729286,119.03249285746676,146.50693446690804,27.170586834495662,171.15873462428448,55.87316936906663,29.894186046511624,0.6877943657219974,36.153362835854594,47.17498763465649,47.19523218814849,47.19523218814849,119.00757007223002,117.17427826863894,117.17427826863894,167.45123564374134,166.9511032113375,166.9511032113375,25.772316586373016,25.731107944774724,25.731107944774724,145.33526115530958,145.0418790397045,145.0418790397045,38.16878916483286,38.553467458970005,38.553467458970005,174.08544944127706,47.34285730900798,166.63388711516535,167.9511032113375,-38.0442760066881,0.282379567869563,-11.568131684187927,-26.193764754630617,1151,2021,site_5413,Mulund_West_Mumbai_MPCB,123.3327754422013,124.65179918324323,"C1,C2,C4,C6,UNIDENTIFIABLE",C2
17519.5,46.895366368515205,117.1891431149955,44.43521080934521,20.078822854115156,62.98625581901239,26.22757449943079,16.96201199129835,0.7229939049539434,19.103647180548368,46.881664866421836,46.44757407407408,46.44757407407408,117.17816533409477,115.55058747412009,115.55058747412009,62.94748661938122,62.902326601436364,62.902326601436364,19.821988709605726,19.840926971762414,19.840926971762414,44.43521080934521,44.259362040674255,44.259362040674255,20.36693840940801,20.07587934342358,20.07587934342358,53.380523750674584,37.048646929303835,64.1939055585537,63.90232660143636,-18.42470079581277,-1.0823971937398815,-10.309382002732773,-9.19771598681988,545,2022,site_5413,Mulund_West_Mumbai_MPCB,116.97261591416822,116.74662634291936,"C1,C2,C4,C6",C2
17519.5,50.09689444576392,96.90939876528645,53.73095948602724,17.24188634929538,70.86196725908789,38.24384941787067,10.867754643878769,0.8860159829905788,10.830570543799558,50.1693644038946,49.75631390843084,49.75631390843084,96.89651865847898,95.84710136723854,95.84710136723854,70.38845262189513,80.30281319222249,80.30281319222249,15.622908392056374,15.950790926548247,15.950790926548247,55.19672955974843,62.72324334600761,62.72324334600761,18.39730897009967,21.48216845140033,21.48216845140033,77.5681669303316,35.542072041375114,81.9792394280499,81.3028131922225,-20.652019075002418,-0.010331609370246507,-8.859647871369482,-11.802702813003183,3,2023,site_5413,Mulund_West_Mumbai_MPCB,103.79990307462394,102.27602714141756,C2,C2
17519.5,51.61576992004411,131.4344565521095,23.170642643865367,46.475943593549694,42.5718906882591,23.52306477093207,4.6581881436125805,0.5652493593534398,21.806435859545424,51.64082430847762,51.363611831071815,51.363611831071815,131.86023368421053,129.0923937290383,129.0923937290383,42.6988,41.57115280673307,41.57115280673307,45.65155684800341,44.953423409391796,44.953423409391796,23.96894867432298,22.70594551663887,22.70594551663887,21.877749340557497,21.921296890028852,21.921296890028852,23.101271086346085,43.35308420498421,40.80027465777466,42.57115280673307,0.6034560316656855,24.9170358020358,4.8926740999081435,20.627817733793343,98,2023,site_5799,Sector-2E_Kalamboli_Navi_Mumbai_MPCB,128.03332133793188,125.08670932980363,"C1,C2,C4,C6",C1
17519.5,49.44922838656388,104.51565074360909,20.37564660596639,31.791234912492456,37.71268661072601,14.897462286761595,24.19309924118435,0.45781331146644794,23.529445638479217,49.48744985870839,49.13548505465943,49.13548505465943,104.50342450690675,103.95786681021225,103.95786681021225,37.121279173480005,35.37397974068072,35.37397974068072,32.106800215318366,31.385529372718224,31.385529372718224,20.634689691576803,18.745365235035507,18.745365235035507,23.667940334488478,23.852807759263865,23.852807759263865,18.33036624221582,36.888472534622174,34.63214239241565,36.37397974068072,-4.285437850120017,13.027695882516964,-0.962126710344431,9.704384742741377,291,2023,site_5803,Tondare-Taloja_Navi_Mumbai_MPCB,113.56515145788812,112.47004915940123,"C1,C2,C4,C6",C1
17519.5,50.7500173320238,99.94259920748867,12.89275328910379,37.894136214442014,31.332116772359505,23.0382107277537,6.502947733179325,0.6236637495792663,26.4778436779022,50.76513112950848,48.878017759039224,48.878017759039224,100.0100925872678,97.18898970522412,97.18898970522412,31.35195731874145,30.32325783972125,30.32325783972125,37.91277181648966,37.5706498902012,37.5706498902012,12.894421076308836,11.675052242609581,11.675052242609581,26.48737953163702,26.591369539551355,26.591369539551355,13.646387559511489,36.541421955426756,29.914516663216723,31.32325783972125,-0.9065981466898341,18.29473814945146,1.331702406591004,16.05643759617062,505,2023,site_5805,Kopripada-Vashi_Navi_Mumbai_MPCB,115.32303338120455,111.5794557241928,"C1,C2,C4,C6",C1
17519.5,38.946278529724,83.88405612920307,8.75765625,23.607172915574203,20.405840974587374,22.6790301542777,7.200849069328298,0.6563515489961441,26.72595369569556,39.12154081009567,38.52416348529081,38.52416348529081,83.5729818919108,83.39226412154265,83.39226412154265,20.76396682464455,20.0572765478424,20.0572765478424,23.99698495527243,23.492063847243976,23.492063847243976,8.831499559351908,7.929163492063492,7.929163492063492,26.961856758133777,26.83507722929936,26.83507722929936,8.231948273757629,24.11806409764603,18.757371403661725,21.0572765478424,-0.7702762075450594,10.905217089267104,0.6773298943930007,9.457610987329046,48,2023,site_5807,Mindspace-Malad_West_Mumbai_MPCB,88.9298043215334,87.38568037815841,"C1,C2,C4,C6,UNIDENTIFIABLE",C4
17519.5,40.110250941756014,98.78740698076258,17.869303772185123,33.01162095323741,33.06239532400382,44.50924835061264,3.901019615099926,0.7083213442733506,24.43923567968082,39.58458736147135,39.51851464984891,39.51851464984891,98.06339291973362,97.46650016260162,97.46650016260162,33.064240584598096,31.908936562576834,31.908936562576834,33.04218186936937,32.85123109497883,32.85123109497883,17.868699920100443,16.434739795918368,16.434739795918368,24.39669674156658,24.425093405215645,24.425093405215645,16.8066021773151,34.52365984894877,31.31275974688712,32.908936562576834,-1.120406100832385,16.757936313533374,1.954845626332774,13.682684586368216,270,2023,site_5810,Bandra_Kurla_Complex_Mumbai_MPCB,100.45104385172989,98.16302750356772,"C1,C4,C6",C1
17519.5,42.90919437415406,87.58390002940311,7.119487193794988,30.678017169295952,21.282871139156427,8.33043693181818,4.143892031136249,0.6663973101709163,22.115167589624022,41.7597881459711,40.7421768477894,40.7421768477894,82.91608489672163,81.89820900700852,81.89820900700852,21.28301965125934,20.70866323128221,20.70866323128221,30.679329356672987,30.124232127633665,30.124232127633665,7.116794485376199,6.464607176881549,6.464607176881549,22.24095193324715,22.119598549433768,22.119598549433768,6.382098622725037,29.177356756376923,19.735714285714288,21.708663231282205,0.9329972782958186,15.764993324432579,2.1206713243638036,14.577319278364593,271,2023,site_5811,Chembur_Mumbai_MPCB,95.03481047234852,86.91070403702147,"C1,C2,C4,C6",C1
17519.5,41.34221817366445,89.84154471089197,32.174403664438806,24.929408565982737,48.07352063705698,50.96513619562126,19.60535000291426,0.5754575633506694,18.097676016987037,40.588128437213555,40.28606417853991,40.28606417853991,89.19173722206179,89.08946811898848,89.08946811898848,48.34618492530557,46.317851224222785,46.317851224222785,26.805663888714836,26.221170527183993,26.221170527183993,32.20220581449008,30.256856902247844,30.256856902247844,18.102957455135012,18.544699620245286,18.544699620245286,34.02264303486529,44.15584481774961,49.990879556259905,47.317851224222785,-9.895515862132164,8.4422845373891,-3.904068238815629,2.450836914072563,475,2023,site_5814,Kherwadi_Bandra_East_Mumbai_MPCB,95.7720650629589,94.38961716777317,"C1,C2,C4,C6,UNIDENTIFIABLE",C6
17519.5,47.169119772127274,97.11129733809001,7.219404138459573,15.585400418489632,13.499797365754814,37.56826671865861,9.973506937462297,0.49380245032692177,23.0120938207256,47.140041063474385,46.452783206106865,46.452783206106865,97.0553109949085,96.20502904564314,96.20502904564314,12.251684898207234,12.035985880398673,12.035985880398673,13.55898820081746,13.515381323936573,13.515381323936573,6.364997312447209,6.115342630853995,6.115342630853995,23.151890878800497,22.915695084195427,22.915695084195427,5.861194285714286,12.886955034482758,11.311785221674878,13.035985880398673,0.6746335031543864,7.919514967790829,1.80962614788,6.784522323065217,136,2023,site_5815,Sanpada_Navi_Mumbai_MPCB,106.31791609759486,103.86963506176899,"C1,C2,C4,C6,UNIDENTIFIABLE",C1
17519.5,67.21880587875076,122.30612778117982,7.016401260504203,37.79214825403308,25.343749234225037,25.731928777274597,8.118782608695652,0.7601684665226782,48.422263400335005,67.28787520729684,67.29696383898113,67.29696383898113,121.78140808344199,123.8239103362391,123.8239103362391,25.347455028618153,24.642152685308478,24.642152685308478,37.791297772327816,37.18839742164926,37.18839742164926,7.018923917612442,6.1649518999519,6.1649518999519,48.42413403141361,49.883172987974106,49.883172987974106,6.270852065471551,35.96019485580671,23.915404001039228,25.642152685308478,0.26254013503800766,18.256513380098728,1.4240817454658032,17.09497176967093,137,2023,site_5960,Byculla_Mumbai_BMC,141.88207092157265,142.40727927366333,"C1,C4",C1
15525.0,96.65208695652173,215.27815652173913,5.780626086956522,64.70819130434782,38.43756521739131,19.02928695652174,14.05979094076655,0.8285714285714286,66.6554609929078,97.59392014519055,97.44157575757576,97.44157575757576,216.83473779385176,215.0189816700611,215.0189816700611,38.53225524475525,36.343183520599254,36.343183520599254,64.90968476357268,64.28813333333333,64.28813333333333,5.786968641114983,3.5880632411067195,3.5880632411067195,65.66104316546763,65.90967181467181,65.90967181467181,3.5953862660944202,61.6931330472103,35.11017167381974,37.343183520599254,0.6284028930052814,30.17834763948498,1.3007108939822867,29.506039638507975,0,2023,site_5961,Shivaji_Nagar_Mumbai_BMC,229.7869748114242,224.7877112289464,C1,C1
17519.5,72.19617743979722,201.030674368619,4.0089167883211685,35.83944797687861,22.137520779593007,17.547626781571097,7.762566817952597,0.7992716733870968,29.76067924528302,72.17936929683306,73.03468319559228,73.03468319559228,200.99961727720068,196.12722582638244,196.12722582638244,22.18921902017291,21.101135357368758,21.101135357368758,35.879825935596166,34.96857589984351,34.96857589984351,4.037121836374338,2.9792554644808744,2.9792554644808744,29.405655471289272,30.06856381403613,30.06856381403613,2.72655726681128,33.72638004338395,19.805404916847433,22.101135357368758,0.3434707789986481,16.634117859725237,0.853137874801927,16.124450763921956,69,2023,site_5962,Kandivali_West_Mumbai_BMC,167.82561733339267,168.38755695773662,"C1,C2,C4",C1
17519.5,82.79241351568784,157.41246454375167,19.231417573666047,55.82233715476811,44.999155221559995,59.96953120884909,9.695046777546779,0.8914727272727272,51.445195439739415,82.78447785234899,83.89469536223098,83.89469536223098,157.43791946308727,158.98367781155014,158.98367781155014,45.03940321743644,44.20390752748802,44.20390752748802,55.82233715476811,55.70113350125944,55.70113350125944,19.231417573666047,17.30332518337408,17.30332518337408,51.41250678978816,53.21038731320525,53.21038731320525,17.525531398416888,54.26174472295514,43.02119063324538,45.20390752748802,-0.07769135791481241,28.560023087071237,3.1609085359007487,25.321423193255676,103,2023,site_5963,Sewri_Mumbai_BMC,185.93612419868012,183.535157521421,"C1,C4",C1
17519.5,70.0479985549133,126.28954840259429,19.563619494746256,24.84693845812042,28.5706065318818,1.9602777160630973,2.917768906631182,0.5312768787408557,11.227929083364767,70.08315686752866,71.07684166666667,71.07684166666667,126.01406291303198,128.5711167211167,128.5711167211167,28.577489995553577,27.7523649951784,27.7523649951784,25.4907298245614,25.5024200913242,25.5024200913242,19.568116752404386,18.645500611995104,18.645500611995104,11.227929083364767,10.549573742540494,10.549573742540494,20.59114822546973,25.570004175365344,29.86972860125261,28.7523649951784,0.47210836448967797,16.291423799582468,4.322485674943366,12.441046489128775,28,2023,site_5964,Ghatkopar_Mumbai_BMC,147.08826349652594,147.1426851317082,C1,C1
