timestamp,PM25,PM10,NO,NO2,NOx,NH3,SO2,CO,Ozone,PM25_consecutives,PM25_outliers,PM25_clean,PM10_consecutives,PM10_outliers,PM10_clean,NOx_consecutives,NOx_outliers,NOx_clean,NO2_consecutives,NO2_outliers,NO2_clean,NO_consecutives,NO_outliers,NO_clean,Ozone_consecutives,Ozone_outliers,Ozone_clean,NO_CPCB,NO2_CPCB,NOx_CPCB,Threshold,C1,C2,C4,C6,mismatch,year,site_id,site_name,prevalent_error,errors
35040.0,29671.0,27524.0,32099.0,32048.0,32091.0,0.0,29776.0,32160.0,32291.0,29668.0,27847.0,27847.0,27523.0,25742.0,25742.0,29318.0,26569.0,26569.0,29552.0,27108.0,27108.0,31332.0,27813.0,27813.0,30761.0,26931.0,26931.0,23304.0,23304.0,23304.0,26569.0,23304.0,23304.0,23304.0,23304.0,85,2019,site_168,Bandra_Mumbai_MPCB,C2,"C1,C2,C4,C6"
35136.0,21206.0,12606.0,24817.0,25789.0,25743.0,0.0,23242.0,27623.0,25559.0,21203.0,20050.0,20050.0,12528.0,11858.0,11858.0,7965.0,7335.0,7335.0,7332.0,6808.0,6808.0,6080.0,5495.0,5495.0,7080.0,5191.0,5191.0,5129.0,5129.0,5129.0,7335.0,5129.0,5129.0,5129.0,5129.0,959,2020,site_168,Bandra_Mumbai_MPCB,C2,"C1,C2,C4,C6"
35040.0,24567.0,25976.0,20025.0,21092.0,20143.0,0.0,25085.0,23468.0,18806.0,12413.0,9489.0,9489.0,7397.0,5302.0,5302.0,3585.0,3353.0,3353.0,3134.0,2711.0,2711.0,4179.0,3893.0,3893.0,11406.0,10763.0,10763.0,1589.0,1589.0,1589.0,3353.0,1597.0,1597.0,1597.0,1597.0,163,2021,site_168,Bandra_Mumbai_MPCB,C2,"C1,C2,C4,C6,UNIDENTIFIABLE"
35040.0,12623.0,12266.0,12873.0,12871.0,12880.0,12270.0,12612.0,12321.0,10548.0,12617.0,11138.0,11138.0,12235.0,10824.0,10824.0,12879.0,11770.0,11770.0,12854.0,11812.0,11812.0,12872.0,11569.0,11569.0,3081.0,2920.0,2920.0,10617.0,10617.0,10617.0,11770.0,10617.0,10617.0,10617.0,10617.0,15,2019,site_5102,Vasai_West_Mumbai_MPCB,C2,"C1,C2,C4,C6"
35136.0,24355.0,18071.0,32575.0,29835.0,32576.0,28387.0,20478.0,29718.0,16499.0,24061.0,21618.0,21618.0,17741.0,15885.0,15885.0,32290.0,30911.0,30911.0,29792.0,27995.0,27995.0,32474.0,30305.0,30305.0,1899.0,1722.0,1722.0,25667.0,25667.0,25667.0,30911.0,25667.0,25667.0,25667.0,25667.0,2742,2020,site_5102,Vasai_West_Mumbai_MPCB,C2,"C2,C4,C6"
35040.0,25491.0,7746.0,30381.0,30377.0,30655.0,26586.0,29063.0,28913.0,1.0,25095.0,22698.0,22698.0,7710.0,6948.0,6948.0,30588.0,28501.0,28501.0,29470.0,27552.0,27552.0,30367.0,27825.0,27825.0,1.0,1.0,1.0,24504.0,24504.0,24504.0,28501.0,24504.0,24504.0,24504.0,24504.0,549,2021,site_5102,Vasai_West_Mumbai_MPCB,C2,"C1,C2,C4,C6"
35040.0,23801.0,19300.0,28833.0,29793.0,30023.0,27622.0,27701.0,28333.0,10644.0,23647.0,21909.0,21909.0,19201.0,17383.0,17383.0,29597.0,27143.0,27143.0,29007.0,27154.0,27154.0,28819.0,26349.0,26349.0,10640.0,9743.0,9743.0,23102.0,23102.0,23102.0,27143.0,23105.0,23105.0,23105.0,23105.0,1444,2022,site_5102,Vasai_West_Mumbai_MPCB,C2,"C1,C2,C4,C6,UNIDENTIFIABLE"
35040.0,24873.0,25825.0,30191.0,30242.0,30365.0,30355.0,29306.0,29593.0,27750.0,24788.0,22697.0,22697.0,25762.0,23540.0,23540.0,11413.0,10731.0,10731.0,11505.0,10898.0,10898.0,11391.0,10722.0,10722.0,26563.0,24562.0,24562.0,8763.0,8763.0,8763.0,10731.0,8763.0,8763.0,8763.0,8763.0,62,2023,site_5102,Vasai_West_Mumbai_MPCB,C2,"C1,C2,C4,C6"
35040.0,19056.0,17970.0,19048.0,19051.0,19057.0,18638.0,18631.0,18696.0,18355.0,19039.0,17045.0,17045.0,17921.0,15901.0,15901.0,19054.0,17339.0,17339.0,19045.0,17658.0,17658.0,19045.0,16912.0,16912.0,17806.0,16101.0,16101.0,15572.0,15572.0,15572.0,17339.0,15572.0,15572.0,15572.0,15572.0,13,2019,site_5103,Nerul_Navi_Mumbai_MPCB,C2,"C1,C2,C4,C6"
35136.0,20804.0,15900.0,19925.0,20093.0,20114.0,20109.0,19271.0,19168.0,17809.0,20773.0,18846.0,18846.0,15868.0,14278.0,14278.0,20100.0,18302.0,18302.0,20078.0,18480.0,18480.0,19922.0,17893.0,17893.0,16494.0,14787.0,14787.0,16243.0,16243.0,16243.0,18302.0,16243.0,16243.0,16243.0,16243.0,206,2020,site_5103,Nerul_Navi_Mumbai_MPCB,C2,"C1,C2,C4,C6"
35040.0,19224.0,18814.0,19347.0,19917.0,20305.0,20150.0,19708.0,19906.0,9210.0,19030.0,17433.0,17433.0,18749.0,17124.0,17124.0,20300.0,18619.0,18619.0,19905.0,18640.0,18640.0,19346.0,17756.0,17756.0,7952.0,7184.0,7184.0,15808.0,15808.0,15808.0,18619.0,15808.0,15808.0,15808.0,15808.0,1330,2021,site_5103,Nerul_Navi_Mumbai_MPCB,C2,"C1,C2,C4,C6"
35040.0,30982.0,27609.0,29088.0,29087.0,29292.0,26706.0,28983.0,29159.0,17391.0,30960.0,27842.0,27842.0,27568.0,24648.0,24648.0,28913.0,26237.0,26237.0,27487.0,25542.0,25542.0,28988.0,25972.0,25972.0,16368.0,14064.0,14064.0,22420.0,22420.0,22420.0,26237.0,22421.0,22421.0,22421.0,22421.0,117,2022,site_5103,Nerul_Navi_Mumbai_MPCB,C2,"C1,C2,C4,C6,UNIDENTIFIABLE"
35040.0,31589.0,29672.0,31627.0,31627.0,31627.0,31627.0,30405.0,30108.0,6020.0,31583.0,28014.0,28014.0,29649.0,26408.0,26408.0,12611.0,11461.0,11461.0,12451.0,11420.0,11420.0,12839.0,11643.0,11643.0,2242.0,2091.0,2091.0,10454.0,10454.0,10454.0,11461.0,10454.0,10454.0,10454.0,10454.0,0,2023,site_5103,Nerul_Navi_Mumbai_MPCB,C2,C2
35040.0,19412.0,17869.0,18003.0,17425.0,18059.0,17628.0,14361.0,17649.0,17358.0,19399.0,17231.0,17231.0,17864.0,15825.0,15825.0,17717.0,16336.0,16336.0,17366.0,16041.0,16041.0,17938.0,16264.0,16264.0,13328.0,12222.0,12222.0,14154.0,14154.0,14154.0,16336.0,14156.0,14156.0,14156.0,14156.0,672,2019,site_5104,Kurla_Mumbai_MPCB,C2,"C1,C2,C4,C6,UNIDENTIFIABLE"
35136.0,27045.0,25977.0,27580.0,27259.0,27575.0,26768.0,20395.0,25932.0,24804.0,27008.0,24057.0,24057.0,25820.0,23173.0,23173.0,26689.0,24491.0,24491.0,27238.0,25162.0,25162.0,26789.0,24192.0,24192.0,24011.0,22230.0,22230.0,22028.0,22028.0,22028.0,24491.0,22028.0,22028.0,22028.0,22028.0,324,2020,site_5104,Kurla_Mumbai_MPCB,C2,"C1,C2,C4,C6"
35040.0,21512.0,16982.0,19214.0,19193.0,19337.0,19259.0,15307.0,16042.0,15531.0,21472.0,19655.0,19655.0,16978.0,15594.0,15594.0,19307.0,17969.0,17969.0,19186.0,17843.0,17843.0,19195.0,17707.0,17707.0,12092.0,11320.0,11320.0,16253.0,16253.0,16253.0,17969.0,16294.0,16294.0,16294.0,16294.0,304,2021,site_5104,Kurla_Mumbai_MPCB,C2,"C1,C2,C4,C6,UNIDENTIFIABLE"
35040.0,26456.0,23377.0,30184.0,27396.0,30196.0,29059.0,28482.0,28565.0,28321.0,26413.0,24010.0,24010.0,23268.0,20964.0,20964.0,26688.0,24806.0,24806.0,24822.0,23079.0,23079.0,27889.0,25490.0,25490.0,15067.0,12787.0,12787.0,19887.0,19887.0,19887.0,24806.0,19887.0,19887.0,19887.0,19887.0,2832,2022,site_5104,Kurla_Mumbai_MPCB,C2,"C1,C2,C4,C6"
35040.0,30754.0,28778.0,31314.0,31308.0,31314.0,31313.0,29747.0,29314.0,29008.0,30699.0,27245.0,27245.0,28721.0,25456.0,25456.0,28659.0,26509.0,26509.0,26675.0,24735.0,24735.0,30191.0,27651.0,27651.0,11249.0,10146.0,10146.0,21745.0,21745.0,21745.0,26509.0,21745.0,21745.0,21745.0,21745.0,7,2023,site_5104,Kurla_Mumbai_MPCB,C2,"C2,C4,C6"
35040.0,13926.0,14177.0,16131.0,16036.0,16134.0,16117.0,16923.0,16166.0,15847.0,13895.0,12702.0,12702.0,14155.0,12695.0,12695.0,16134.0,14603.0,14603.0,16036.0,14655.0,14655.0,16131.0,14053.0,14053.0,15847.0,14520.0,14520.0,12862.0,12862.0,12862.0,14603.0,12863.0,12863.0,12863.0,12863.0,101,2019,site_5106,Vile_Parle_West_Mumbai_MPCB,C2,"C1,C2,C4,C6,UNIDENTIFIABLE"
35136.0,26235.0,27497.0,33268.0,32433.0,33274.0,32415.0,34138.0,32695.0,29043.0,26204.0,23738.0,23738.0,27474.0,24827.0,24827.0,33273.0,29998.0,29998.0,32430.0,29721.0,29721.0,32480.0,28672.0,28672.0,28928.0,26348.0,26348.0,25856.0,25856.0,25856.0,29998.0,25856.0,25856.0,25856.0,25856.0,853,2020,site_5106,Vile_Parle_West_Mumbai_MPCB,C2,"C1,C2,C4,C6"
35040.0,29708.0,29955.0,32168.0,31817.0,32374.0,32164.0,32983.0,32765.0,31458.0,29637.0,26457.0,26457.0,29878.0,26740.0,26740.0,31869.0,28774.0,28774.0,31810.0,28978.0,28978.0,31975.0,28478.0,28478.0,25867.0,23715.0,23715.0,25214.0,25214.0,25214.0,28774.0,25215.0,25215.0,25215.0,25215.0,655,2021,site_5106,Vile_Parle_West_Mumbai_MPCB,C2,"C1,C2,C4,C6,UNIDENTIFIABLE"
35040.0,25006.0,23404.0,31546.0,29306.0,31615.0,18322.0,31126.0,31333.0,29598.0,24958.0,22326.0,22326.0,23226.0,20687.0,20687.0,31463.0,28351.0,28351.0,29295.0,26801.0,26801.0,31246.0,27701.0,27701.0,18721.0,16847.0,16847.0,23598.0,23598.0,23598.0,28351.0,23599.0,23599.0,23599.0,23599.0,2182,2022,site_5106,Vile_Parle_West_Mumbai_MPCB,C2,"C1,C2,C4,C6,UNIDENTIFIABLE"
35040.0,24271.0,26884.0,32011.0,26496.0,32025.0,31534.0,32568.0,18977.0,30731.0,23597.0,21190.0,21190.0,26826.0,23865.0,23865.0,32015.0,29067.0,29067.0,26484.0,24474.0,24474.0,32004.0,28615.0,28615.0,21792.0,20099.0,20099.0,21681.0,21681.0,21681.0,29067.0,21682.0,21682.0,21682.0,21682.0,5528,2023,site_5106,Vile_Parle_West_Mumbai_MPCB,C2,"C1,C2,C4,C6,UNIDENTIFIABLE"
35040.0,18534.0,18819.0,17657.0,16551.0,17859.0,17774.0,18203.0,18210.0,18165.0,18526.0,16375.0,16375.0,18772.0,16743.0,16743.0,17840.0,16611.0,16611.0,16548.0,15370.0,15370.0,17653.0,16289.0,16289.0,18165.0,16601.0,16601.0,13804.0,13804.0,13804.0,16611.0,13804.0,13804.0,13804.0,13804.0,1219,2019,site_5107,Chhatrapati_Shivaji_Intl._Airport_(T2)_Mumbai_MPCB,C2,"C1,C2,C4,C6"
35136.0,26681.0,30631.0,28046.0,25674.0,28026.0,28023.0,30213.0,28729.0,29522.0,26383.0,23600.0,23600.0,30495.0,27255.0,27255.0,26833.0,25432.0,25432.0,25635.0,24311.0,24311.0,27877.0,26297.0,26297.0,14450.0,13061.0,13061.0,21235.0,21235.0,21235.0,25432.0,21235.0,21235.0,21235.0,21235.0,2356,2020,site_5107,Chhatrapati_Shivaji_Intl._Airport_(T2)_Mumbai_MPCB,C2,"C2,C4,C6"
35040.0,28377.0,32585.0,26562.0,26012.0,26556.0,25089.0,27556.0,27335.0,27645.0,28298.0,25382.0,25382.0,32223.0,29061.0,29061.0,26442.0,24816.0,24816.0,25669.0,24144.0,24144.0,26546.0,25036.0,25036.0,22530.0,20568.0,20568.0,21958.0,21958.0,21958.0,24816.0,21959.0,21959.0,21959.0,21959.0,557,2021,site_5107,Chhatrapati_Shivaji_Intl._Airport_(T2)_Mumbai_MPCB,C2,"C1,C2,C4,C6,UNIDENTIFIABLE"
35040.0,32821.0,33959.0,29566.0,28954.0,29568.0,28670.0,31775.0,30751.0,31519.0,32773.0,28926.0,28926.0,33817.0,30212.0,30212.0,29390.0,27846.0,27846.0,28709.0,27217.0,27217.0,29526.0,27970.0,27970.0,22300.0,18094.0,18094.0,24995.0,24995.0,24995.0,27846.0,24995.0,24995.0,24995.0,24995.0,620,2022,site_5107,Chhatrapati_Shivaji_Intl._Airport_(T2)_Mumbai_MPCB,C2,"C2,C4,C6"
35040.0,32350.0,32405.0,30373.0,27327.0,30676.0,28406.0,25608.0,31249.0,31116.0,32300.0,29019.0,29019.0,32271.0,29384.0,29384.0,27957.0,26012.0,26012.0,27325.0,25908.0,25908.0,29713.0,27944.0,27944.0,20140.0,18565.0,18565.0,21269.0,21269.0,21269.0,26012.0,21269.0,21269.0,21269.0,21269.0,3611,2023,site_5107,Chhatrapati_Shivaji_Intl._Airport_(T2)_Mumbai_MPCB,C2,"C1,C2,C4,C6"
35040.0,19585.0,17347.0,18465.0,18125.0,18481.0,18481.0,17212.0,16689.0,16378.0,19561.0,17583.0,17583.0,17295.0,15681.0,15681.0,18471.0,16972.0,16972.0,18123.0,16714.0,16714.0,18457.0,16757.0,16757.0,16348.0,14976.0,14976.0,15038.0,15038.0,15038.0,16972.0,15038.0,15038.0,15038.0,15038.0,372,2019,site_5112,Powai_Mumbai_MPCB,C2,"C2,C4,C6"
35136.0,29302.0,24094.0,28991.0,28676.0,29077.0,28710.0,23720.0,23701.0,22177.0,29257.0,26580.0,26580.0,24060.0,21875.0,21875.0,29040.0,26616.0,26616.0,28668.0,26379.0,26379.0,28908.0,26450.0,26450.0,22170.0,20625.0,20625.0,23896.0,23896.0,23896.0,26616.0,23896.0,23896.0,23896.0,23896.0,487,2020,site_5112,Powai_Mumbai_MPCB,C2,"C1,C2,C4,C6"
35040.0,33219.0,27202.0,28648.0,30339.0,30708.0,30577.0,27185.0,27550.0,26864.0,33172.0,29891.0,29891.0,27104.0,24368.0,24368.0,30707.0,27897.0,27897.0,30336.0,27725.0,27725.0,28647.0,25866.0,25866.0,26855.0,24710.0,24710.0,23317.0,23317.0,23317.0,27897.0,23317.0,23317.0,23317.0,23317.0,2428,2021,site_5112,Powai_Mumbai_MPCB,C2,"C1,C2,C4,C6"
35040.0,30131.0,27094.0,28423.0,29114.0,29269.0,25558.0,27579.0,26863.0,26598.0,29969.0,26673.0,26673.0,26911.0,24336.0,24336.0,29176.0,26847.0,26847.0,28986.0,27016.0,27016.0,28415.0,26199.0,26199.0,26454.0,24637.0,24637.0,23488.0,23488.0,23488.0,26847.0,23488.0,23488.0,23488.0,23488.0,992,2022,site_5112,Powai_Mumbai_MPCB,C2,"C1,C2,C4,C6"
35040.0,32565.0,29436.0,31682.0,31681.0,31682.0,30878.0,30098.0,29558.0,29071.0,32530.0,29361.0,29361.0,29133.0,26103.0,26103.0,30836.0,28775.0,28775.0,30891.0,29178.0,29178.0,31648.0,29408.0,29408.0,21158.0,16723.0,16723.0,25462.0,25462.0,25462.0,28775.0,25462.0,25462.0,25462.0,25462.0,1,2023,site_5112,Powai_Mumbai_MPCB,C2,"C2,C4"
35040.0,18102.0,17021.0,17909.0,15955.0,18149.0,18150.0,17647.0,17233.0,17356.0,18092.0,16277.0,16277.0,16982.0,15291.0,15291.0,18148.0,16599.0,16599.0,15955.0,14687.0,14687.0,17692.0,16332.0,16332.0,8537.0,7757.0,7757.0,12999.0,12999.0,12999.0,16599.0,12999.0,12999.0,12999.0,12999.0,2434,2019,site_5113,Borivali_East_Mumbai_MPCB,C2,"C2,C4,C6"
35136.0,24620.0,21460.0,26512.0,24849.0,26517.0,25137.0,23756.0,22977.0,22950.0,24400.0,21971.0,21971.0,21360.0,19332.0,19332.0,20449.0,18900.0,18900.0,24843.0,23204.0,23204.0,21557.0,20184.0,20184.0,15852.0,14429.0,14429.0,16290.0,16290.0,16290.0,18900.0,16290.0,16290.0,16290.0,16290.0,1673,2020,site_5113,Borivali_East_Mumbai_MPCB,C2,"C1,C2,C4,C6"
35040.0,21158.0,18245.0,19734.0,19159.0,19743.0,19743.0,16955.0,17668.0,17964.0,20974.0,19282.0,19282.0,18064.0,16901.0,16901.0,17920.0,16904.0,16904.0,19150.0,18003.0,18003.0,18184.0,17303.0,17303.0,10064.0,9357.0,9357.0,14787.0,14787.0,14787.0,16904.0,14787.0,14787.0,14787.0,14787.0,579,2021,site_5113,Borivali_East_Mumbai_MPCB,C2,"C2,C4,C6"
35040.0,29255.0,24674.0,27385.0,26933.0,27440.0,27344.0,16649.0,20431.0,21695.0,29226.0,26288.0,26288.0,24634.0,23115.0,23115.0,27333.0,24967.0,24967.0,26925.0,24916.0,24916.0,27338.0,25157.0,25157.0,21670.0,20617.0,20617.0,22123.0,22123.0,22123.0,24967.0,22123.0,22123.0,22123.0,22123.0,506,2022,site_5113,Borivali_East_Mumbai_MPCB,C2,"C1,C2,C4,C6"
35040.0,33049.0,30758.0,31948.0,31895.0,31968.0,31901.0,30335.0,27942.0,29791.0,32898.0,29610.0,29610.0,30651.0,27516.0,27516.0,31958.0,29338.0,29338.0,31895.0,29255.0,29255.0,31916.0,29228.0,29228.0,29308.0,26522.0,26522.0,26282.0,26282.0,26282.0,29338.0,26282.0,26282.0,26282.0,26282.0,103,2023,site_5113,Borivali_East_Mumbai_MPCB,C2,"C1,C2,C4,C6"
35040.0,16528.0,17209.0,16935.0,16896.0,16933.0,16876.0,16459.0,17634.0,16863.0,16521.0,14837.0,14837.0,17199.0,15242.0,15242.0,16933.0,15516.0,15516.0,16894.0,15598.0,15598.0,16935.0,15166.0,15166.0,16861.0,15393.0,15393.0,14010.0,14010.0,14010.0,15516.0,14010.0,14010.0,14010.0,14010.0,46,2019,site_5114,Mahape_Navi_Mumbai_MPCB,C2,"C1,C2,C4,C6"
35136.0,26178.0,28979.0,29023.0,29034.0,28959.0,28632.0,26573.0,29672.0,28117.0,26135.0,23538.0,23538.0,28898.0,25938.0,25938.0,28949.0,26457.0,26457.0,29023.0,26625.0,26625.0,29013.0,25871.0,25871.0,28051.0,25915.0,25915.0,23914.0,23914.0,23914.0,26457.0,23914.0,23914.0,23914.0,23914.0,18,2020,site_5114,Mahape_Navi_Mumbai_MPCB,C2,"C1,C2,C4,C6"
35040.0,21380.0,22430.0,23604.0,23477.0,23416.0,22015.0,22700.0,24480.0,23175.0,21328.0,19766.0,19766.0,22395.0,20422.0,20422.0,23412.0,21630.0,21630.0,23471.0,21677.0,21677.0,23603.0,21304.0,21304.0,23174.0,21195.0,21195.0,19534.0,19534.0,19534.0,21630.0,19534.0,19534.0,19534.0,19534.0,145,2021,site_5114,Mahape_Navi_Mumbai_MPCB,C2,"C1,C2,C4,C6"
35040.0,21360.0,22010.0,24135.0,24205.0,24246.0,17869.0,21545.0,25707.0,24190.0,21291.0,19300.0,19300.0,21903.0,19657.0,19657.0,21305.0,19607.0,19607.0,20970.0,19378.0,19378.0,21228.0,19184.0,19184.0,8135.0,7404.0,7404.0,17289.0,17289.0,17289.0,19607.0,17289.0,17289.0,17289.0,17289.0,140,2022,site_5114,Mahape_Navi_Mumbai_MPCB,C2,"C1,C2,C4,C6"
35040.0,25551.0,27027.0,28611.0,28663.0,28666.0,28666.0,27461.0,28615.0,25050.0,25511.0,23020.0,23020.0,26726.0,23935.0,23935.0,9099.0,7108.0,7108.0,12048.0,11169.0,11169.0,9199.0,7492.0,7492.0,15997.0,14567.0,14567.0,5385.0,5385.0,5385.0,7108.0,5385.0,5385.0,5385.0,5385.0,58,2023,site_5114,Mahape_Navi_Mumbai_MPCB,C2,"C1,C2,C4"
35040.0,18509.0,17734.0,18286.0,18233.0,18292.0,18267.0,17556.0,17312.0,17355.0,18507.0,16690.0,16690.0,17726.0,15710.0,15710.0,18287.0,16765.0,16765.0,18226.0,16853.0,16853.0,18284.0,16418.0,16418.0,17348.0,15875.0,15875.0,15072.0,15072.0,15072.0,16765.0,15072.0,15072.0,15072.0,15072.0,65,2019,site_5115,Worli_Mumbai_MPCB,C2,"C2,C4,C6"
35136.0,29754.0,28599.0,31758.0,31591.0,31766.0,29297.0,28968.0,28428.0,26790.0,29716.0,27056.0,27056.0,28541.0,25542.0,25542.0,31763.0,29101.0,29101.0,31583.0,29021.0,29021.0,31757.0,28496.0,28496.0,19099.0,17468.0,17468.0,25898.0,25898.0,25898.0,29101.0,25898.0,25898.0,25898.0,25898.0,176,2020,site_5115,Worli_Mumbai_MPCB,C2,"C1,C2,C4,C6"
35040.0,28265.0,23348.0,26987.0,25042.0,27052.0,24249.0,25689.0,26112.0,25945.0,28182.0,25601.0,25601.0,23144.0,20855.0,20855.0,26578.0,24550.0,24550.0,25003.0,23339.0,23339.0,26487.0,24036.0,24036.0,8058.0,7439.0,7439.0,20043.0,20043.0,20043.0,24550.0,20043.0,20043.0,20043.0,20043.0,2158,2021,site_5115,Worli_Mumbai_MPCB,C2,"C1,C2,C4,C6"
35040.0,30959.0,22242.0,21131.0,16743.0,24465.0,17947.0,21469.0,21809.0,21712.0,30859.0,27377.0,27377.0,22034.0,20018.0,20018.0,22381.0,20958.0,20958.0,16455.0,15654.0,15654.0,20324.0,19148.0,19148.0,392.0,360.0,360.0,12906.0,12906.0,12906.0,20958.0,12906.0,12906.0,12906.0,12906.0,3428,2022,site_5115,Worli_Mumbai_MPCB,C2,"C1,C2,C4,C6"
35040.0,27953.0,29304.0,31068.0,29591.0,31249.0,23175.0,26674.0,29064.0,28178.0,27913.0,25111.0,25111.0,27503.0,24642.0,24642.0,27313.0,25140.0,25140.0,25699.0,24037.0,24037.0,27111.0,24919.0,24919.0,27195.0,25090.0,25090.0,21293.0,21293.0,21293.0,25140.0,21296.0,21296.0,21296.0,21296.0,1460,2023,site_5115,Worli_Mumbai_MPCB,C2,"C1,C2,C4,C6,UNIDENTIFIABLE"
35040.0,18110.0,15717.0,16745.0,16712.0,16750.0,16728.0,15659.0,15576.0,15407.0,18098.0,16274.0,16274.0,15508.0,14116.0,14116.0,16744.0,15367.0,15367.0,16711.0,15425.0,15425.0,16739.0,14841.0,14841.0,15385.0,14008.0,14008.0,13707.0,13707.0,13707.0,15367.0,13707.0,13707.0,13707.0,13707.0,50,2019,site_5119,Sion_Mumbai_MPCB,C2,"C2,C4,C6"
35136.0,31528.0,28716.0,30627.0,30180.0,30549.0,30849.0,28713.0,28969.0,28569.0,31514.0,28368.0,28368.0,28597.0,25540.0,25540.0,29730.0,27215.0,27215.0,29983.0,27685.0,27685.0,30515.0,27047.0,27047.0,27584.0,24857.0,24857.0,23634.0,23634.0,23634.0,27215.0,23634.0,23634.0,23634.0,23634.0,687,2020,site_5119,Sion_Mumbai_MPCB,C2,"C1,C2,C4,C6"
35040.0,33967.0,31310.0,32764.0,32993.0,32531.0,32373.0,30426.0,32080.0,31971.0,33939.0,30123.0,30123.0,31057.0,27975.0,27975.0,32416.0,29839.0,29839.0,32989.0,30586.0,30586.0,32345.0,28887.0,28887.0,31964.0,28742.0,28742.0,26423.0,26423.0,26423.0,29839.0,26423.0,26423.0,26423.0,26423.0,192,2021,site_5119,Sion_Mumbai_MPCB,C2,"C2,C4"
35040.0,31779.0,27412.0,28713.0,29178.0,28662.0,28638.0,22410.0,5102.0,26967.0,31734.0,28184.0,28184.0,27369.0,24602.0,24602.0,28643.0,26384.0,26384.0,29153.0,27083.0,27083.0,28701.0,25747.0,25747.0,26539.0,24257.0,24257.0,23406.0,23406.0,23406.0,26384.0,23406.0,23406.0,23406.0,23406.0,231,2022,site_5119,Sion_Mumbai_MPCB,C2,"C2,C4,C6"
35040.0,32951.0,31946.0,31968.0,31824.0,32115.0,27477.0,31636.0,30809.0,29202.0,32857.0,29664.0,29664.0,31592.0,28296.0,28296.0,31576.0,28944.0,28944.0,31714.0,29250.0,29250.0,31504.0,28783.0,28783.0,24344.0,21918.0,21918.0,25050.0,25050.0,25050.0,28944.0,25050.0,25050.0,25050.0,25050.0,1602,2023,site_5119,Sion_Mumbai_MPCB,C2,"C2,C4,C6"
35040.0,17471.0,16798.0,15050.0,15383.0,15491.0,15426.0,14320.0,15599.0,15025.0,17461.0,15758.0,15758.0,16789.0,14884.0,14884.0,15487.0,14125.0,14125.0,15379.0,14101.0,14101.0,15050.0,13604.0,13604.0,14919.0,13589.0,13589.0,12199.0,12199.0,12199.0,14125.0,12199.0,12199.0,12199.0,12199.0,591,2019,site_5120,Colaba_Mumbai_MPCB,C2,"C1,C2,C4,C6"
35136.0,24510.0,24143.0,25185.0,24356.0,25366.0,24633.0,22850.0,24674.0,22852.0,24485.0,22089.0,22089.0,23889.0,21800.0,21800.0,23534.0,21262.0,21262.0,22359.0,20310.0,20310.0,23328.0,21065.0,21065.0,20201.0,18706.0,18706.0,18301.0,18301.0,18301.0,21262.0,18305.0,18305.0,18305.0,18305.0,689,2020,site_5120,Colaba_Mumbai_MPCB,C2,"C1,C2,C4,C6,UNIDENTIFIABLE"
35040.0,17660.0,17082.0,17597.0,18268.0,18407.0,18394.0,14208.0,18089.0,15198.0,17612.0,16257.0,16257.0,16663.0,15404.0,15404.0,18327.0,16773.0,16773.0,17745.0,16406.0,16406.0,17587.0,16194.0,16194.0,5823.0,5451.0,5451.0,14386.0,14386.0,14386.0,16773.0,14386.0,14386.0,14386.0,14386.0,684,2021,site_5120,Colaba_Mumbai_MPCB,C2,"C1,C2,C4,C6"
35040.0,24403.0,26022.0,24638.0,24836.0,24747.0,24812.0,21387.0,25053.0,23752.0,24377.0,21887.0,21887.0,25883.0,23121.0,23121.0,23654.0,21557.0,21557.0,24533.0,22671.0,22671.0,24381.0,22128.0,22128.0,16255.0,13415.0,13415.0,19374.0,19374.0,19374.0,21557.0,19375.0,19375.0,19375.0,19375.0,211,2022,site_5120,Colaba_Mumbai_MPCB,C2,"C1,C2,C4,C6,UNIDENTIFIABLE"
35040.0,27470.0,27795.0,17927.0,15675.0,23123.0,22965.0,20041.0,25781.0,24069.0,27295.0,24312.0,24312.0,26022.0,23401.0,23401.0,17113.0,15313.0,15313.0,12372.0,11451.0,11451.0,14684.0,13496.0,13496.0,7710.0,5140.0,5140.0,7868.0,7868.0,7868.0,15313.0,7874.0,7874.0,7874.0,7874.0,8388,2023,site_5120,Colaba_Mumbai_MPCB,C2,"C1,C2,C4,C6,UNIDENTIFIABLE"
35136.0,4611.0,4605.0,4625.0,4622.0,4622.0,4621.0,4619.0,4565.0,4597.0,4582.0,4116.0,4116.0,4602.0,4152.0,4152.0,4620.0,4349.0,4349.0,4608.0,4266.0,4266.0,4624.0,4316.0,4316.0,4595.0,4107.0,4107.0,3952.0,3952.0,3952.0,4349.0,3952.0,3952.0,3952.0,3952.0,1,2020,site_5392,Bandra_Kurla_Complex_Mumbai_IITM,C2,"C1,C2,C4,C6"
35040.0,23339.0,23153.0,19637.0,20054.0,20047.0,19794.0,22151.0,22689.0,22482.0,22187.0,20195.0,20195.0,23148.0,21328.0,21328.0,20031.0,18938.0,18938.0,19964.0,18695.0,18695.0,19633.0,18445.0,18445.0,22387.0,20615.0,20615.0,16758.0,16758.0,16758.0,18938.0,16876.0,16876.0,16876.0,16876.0,346,2021,site_5392,Bandra_Kurla_Complex_Mumbai_IITM,C1,"C1,C2,C4,C6,UNIDENTIFIABLE"
35040.0,26271.0,26296.0,26154.0,26267.0,26377.0,26165.0,24356.0,26413.0,26148.0,24617.0,22422.0,22422.0,24672.0,22519.0,22519.0,11524.0,10807.0,10807.0,17636.0,16283.0,16283.0,15803.0,14741.0,14741.0,22198.0,19901.0,19901.0,7126.0,7126.0,7126.0,10807.0,7171.0,7171.0,7171.0,7171.0,201,2022,site_5392,Bandra_Kurla_Complex_Mumbai_IITM,C1,"C1,C2,C4,C6,UNIDENTIFIABLE"
35040.0,23359.0,24102.0,23734.0,23914.0,23882.0,23865.0,21495.0,25021.0,25212.0,16401.0,15015.0,15015.0,17428.0,16084.0,16084.0,18394.0,17007.0,17007.0,21064.0,19386.0,19386.0,19587.0,18131.0,18131.0,24355.0,22120.0,22120.0,13666.0,13666.0,13666.0,17007.0,13669.0,13669.0,13669.0,13669.0,220,2023,site_5392,Bandra_Kurla_Complex_Mumbai_IITM,C1,"C1,C2,C4,C6,UNIDENTIFIABLE"
35136.0,4384.0,4393.0,4748.0,4736.0,4747.0,4749.0,4775.0,4605.0,4753.0,4382.0,3959.0,3959.0,4391.0,4018.0,4018.0,4724.0,4290.0,4290.0,4728.0,4339.0,4339.0,4702.0,4315.0,4315.0,4697.0,4280.0,4280.0,3867.0,3867.0,3867.0,4290.0,3867.0,3867.0,3867.0,3867.0,22,2020,site_5394,Mazgaon_Mumbai_IITM,C2,"C1,C2,C4,C6"
35040.0,31888.0,31843.0,33015.0,32914.0,33017.0,32992.0,31835.0,33240.0,32796.0,31819.0,28777.0,28777.0,31809.0,29067.0,29067.0,32739.0,29748.0,29748.0,32850.0,30039.0,30039.0,30993.0,28131.0,28131.0,32774.0,30088.0,30088.0,25228.0,25228.0,25228.0,29748.0,25233.0,25233.0,25233.0,25233.0,167,2021,site_5394,Mazgaon_Mumbai_IITM,C2,"C1,C2,C4,C6,UNIDENTIFIABLE"
35040.0,29158.0,29129.0,26018.0,26924.0,27009.0,26929.0,27295.0,30974.0,30986.0,29024.0,26345.0,26345.0,29005.0,26414.0,26414.0,26695.0,24463.0,24463.0,25903.0,23892.0,23892.0,25982.0,23114.0,23114.0,30949.0,27958.0,27958.0,19803.0,19803.0,19803.0,24463.0,19855.0,19855.0,19855.0,19855.0,1156,2022,site_5394,Mazgaon_Mumbai_IITM,C2,"C1,C2,C4,C6,UNIDENTIFIABLE"
35040.0,30506.0,30366.0,28477.0,28978.0,28927.0,28667.0,27636.0,32192.0,30949.0,30035.0,27261.0,27261.0,29989.0,27322.0,27322.0,28926.0,26452.0,26452.0,28891.0,26676.0,26676.0,28474.0,25427.0,25427.0,30926.0,28160.0,28160.0,23225.0,23225.0,23225.0,26452.0,23275.0,23275.0,23275.0,23275.0,498,2023,site_5394,Mazgaon_Mumbai_IITM,C2,"C1,C2,C4,C6,UNIDENTIFIABLE"
35136.0,4414.0,4412.0,4502.0,4504.0,4503.0,4235.0,2769.0,4483.0,4497.0,4406.0,4051.0,4051.0,4405.0,4048.0,4048.0,4497.0,4063.0,4063.0,4499.0,4053.0,4053.0,4499.0,4015.0,4015.0,4485.0,4168.0,4168.0,3611.0,3611.0,3611.0,4063.0,3611.0,3611.0,3611.0,3611.0,5,2020,site_5396,Deonar_Mumbai_IITM,C6,"C2,C4,C6"
35040.0,33408.0,33287.0,31561.0,33678.0,31559.0,31352.0,25398.0,33126.0,28970.0,33031.0,30107.0,30107.0,32870.0,29978.0,29978.0,31027.0,28548.0,28548.0,33621.0,30888.0,30888.0,31556.0,28788.0,28788.0,28963.0,26541.0,26541.0,25416.0,25416.0,25416.0,28548.0,25445.0,25445.0,25445.0,25445.0,179,2021,site_5396,Deonar_Mumbai_IITM,C6,"C1,C2,C4,C6,UNIDENTIFIABLE"
35040.0,27551.0,27538.0,23410.0,28035.0,23369.0,22580.0,22135.0,26173.0,25756.0,27538.0,25230.0,25230.0,27519.0,25240.0,25240.0,22736.0,21161.0,21161.0,27660.0,25216.0,25216.0,22574.0,20818.0,20818.0,23678.0,21817.0,21817.0,18038.0,18038.0,18038.0,21161.0,18223.0,18223.0,18223.0,18223.0,33,2022,site_5396,Deonar_Mumbai_IITM,C6,"C1,C2,C4,C6,UNIDENTIFIABLE"
35040.0,27591.0,27552.0,25061.0,27856.0,25063.0,25006.0,26222.0,26025.0,25696.0,27430.0,25266.0,25266.0,27365.0,25180.0,25180.0,17721.0,16826.0,16826.0,25597.0,23559.0,23559.0,19217.0,18064.0,18064.0,25684.0,23824.0,23824.0,14742.0,14742.0,14742.0,16826.0,14759.0,14759.0,14759.0,14759.0,83,2023,site_5396,Deonar_Mumbai_IITM,C4,"C1,C2,C4,C6,UNIDENTIFIABLE"
35136.0,1077.0,1071.0,1143.0,1144.0,1142.0,1126.0,1142.0,1141.0,1136.0,1056.0,950.0,950.0,1049.0,946.0,946.0,1133.0,1041.0,1041.0,1136.0,1027.0,1027.0,1139.0,1075.0,1075.0,1121.0,1009.0,1009.0,967.0,967.0,967.0,1041.0,967.0,967.0,967.0,967.0,1,2020,site_5397,Khindipada-Bhandup_West_Mumbai_IITM,C1,"C1,C2,C6"
35040.0,32532.0,32430.0,31619.0,32263.0,31621.0,31511.0,29470.0,32154.0,31707.0,32522.0,29623.0,29623.0,32421.0,29541.0,29541.0,24874.0,23241.0,23241.0,31176.0,28616.0,28616.0,31313.0,29097.0,29097.0,31701.0,28753.0,28753.0,20419.0,20419.0,20419.0,23241.0,20893.0,20893.0,20893.0,20893.0,129,2021,site_5397,Khindipada-Bhandup_West_Mumbai_IITM,C1,"C1,C2,C4,C6,UNIDENTIFIABLE"
35040.0,32724.0,32691.0,29048.0,33523.0,29159.0,29174.0,28860.0,30422.0,26104.0,32712.0,29533.0,29533.0,32685.0,29516.0,29516.0,18553.0,17105.0,17105.0,28977.0,26601.0,26601.0,29047.0,26779.0,26779.0,25761.0,23576.0,23576.0,15256.0,15256.0,15256.0,17105.0,15422.0,15422.0,15422.0,15422.0,112,2022,site_5397,Khindipada-Bhandup_West_Mumbai_IITM,C1,"C1,C2,C4,C6,UNIDENTIFIABLE"
35040.0,18669.0,18664.0,16683.0,18749.0,17216.0,16332.0,18441.0,18794.0,17433.0,18613.0,16663.0,16663.0,18610.0,16683.0,16683.0,14707.0,13312.0,13312.0,15714.0,14406.0,14406.0,13920.0,11679.0,11679.0,17423.0,16281.0,16281.0,9625.0,9625.0,9625.0,13312.0,9625.0,9625.0,9625.0,9625.0,589,2023,site_5397,Khindipada-Bhandup_West_Mumbai_IITM,C1,"C1,C2,C4,C6"
35136.0,4574.0,4575.0,4563.0,4564.0,4559.0,4527.0,4575.0,4581.0,4564.0,4571.0,4054.0,4054.0,4551.0,4150.0,4150.0,4556.0,4126.0,4126.0,4564.0,4065.0,4065.0,4563.0,4233.0,4233.0,4537.0,4179.0,4179.0,3682.0,3682.0,3682.0,4126.0,3682.0,3682.0,3682.0,3682.0,2,2020,site_5398,Navy_Nagar-Colaba_Mumbai_IITM,C1,"C1,C2,C4,C6"
35040.0,31037.0,30938.0,25030.0,23738.0,25629.0,25582.0,26172.0,33318.0,33005.0,30816.0,27109.0,27109.0,30896.0,28183.0,28183.0,25415.0,23460.0,23460.0,23736.0,21627.0,21627.0,25026.0,23411.0,23411.0,32959.0,29949.0,29949.0,18469.0,18469.0,18469.0,23460.0,18930.0,18930.0,18930.0,18930.0,2064,2021,site_5398,Navy_Nagar-Colaba_Mumbai_IITM,C1,"C1,C2,C4,C6,UNIDENTIFIABLE"
35040.0,27964.0,27916.0,23434.0,23845.0,24339.0,24211.0,21996.0,28074.0,28056.0,27423.0,24224.0,24224.0,27887.0,25364.0,25364.0,23569.0,21869.0,21869.0,23379.0,21305.0,21305.0,23283.0,21703.0,21703.0,28038.0,25301.0,25301.0,18407.0,18407.0,18407.0,21869.0,18711.0,18711.0,18711.0,18711.0,532,2022,site_5398,Navy_Nagar-Colaba_Mumbai_IITM,C1,"C1,C2,C4,C6,UNIDENTIFIABLE"
35040.0,17467.0,17437.0,15604.0,15092.0,14922.0,15035.0,18018.0,18775.0,19520.0,17345.0,15578.0,15578.0,17327.0,15595.0,15595.0,12585.0,11591.0,11591.0,15060.0,13309.0,13309.0,13370.0,12501.0,12501.0,19436.0,17500.0,17500.0,9781.0,9781.0,9781.0,11591.0,9800.0,9800.0,9800.0,9800.0,829,2023,site_5398,Navy_Nagar-Colaba_Mumbai_IITM,C1,"C1,C2,C4,C6,UNIDENTIFIABLE"
35136.0,2212.0,2215.0,2104.0,2107.0,2098.0,2104.0,2158.0,2232.0,1634.0,2206.0,2053.0,2053.0,2197.0,2017.0,2017.0,2097.0,1922.0,1922.0,2105.0,1929.0,1929.0,2104.0,1870.0,1870.0,1634.0,1548.0,1548.0,1713.0,1713.0,1713.0,1922.0,1714.0,1714.0,1714.0,1714.0,0,2020,site_5399,Chakala-Andheri_East_Mumbai_IITM,C2,"C1,C2,C4,C6,UNIDENTIFIABLE"
35040.0,29305.0,29203.0,28216.0,28072.0,28272.0,28236.0,29018.0,29824.0,26752.0,29228.0,26528.0,26528.0,29035.0,26380.0,26380.0,28219.0,26121.0,26121.0,27965.0,25655.0,25655.0,28205.0,25329.0,25329.0,26746.0,24676.0,24676.0,22842.0,22842.0,22842.0,26121.0,22848.0,22848.0,22848.0,22848.0,344,2021,site_5399,Chakala-Andheri_East_Mumbai_IITM,C2,"C1,C2,C4,C6,UNIDENTIFIABLE"
35040.0,29518.0,29473.0,25608.0,25616.0,25583.0,25323.0,30675.0,30745.0,28302.0,28854.0,26657.0,26657.0,29343.0,26921.0,26921.0,23190.0,21511.0,21511.0,25248.0,23471.0,23471.0,25557.0,23159.0,23159.0,28300.0,26157.0,26157.0,19197.0,19197.0,19197.0,21511.0,19202.0,19202.0,19202.0,19202.0,25,2022,site_5399,Chakala-Andheri_East_Mumbai_IITM,C1,"C1,C2,C4,C6,UNIDENTIFIABLE"
35040.0,26997.0,26957.0,24248.0,25110.0,25640.0,24846.0,29120.0,30524.0,30887.0,26860.0,24540.0,24540.0,26801.0,24486.0,24486.0,25325.0,23265.0,23265.0,25087.0,23252.0,23252.0,24244.0,21526.0,21526.0,29289.0,27413.0,27413.0,19649.0,19649.0,19649.0,23265.0,19670.0,19670.0,19670.0,19670.0,873,2023,site_5399,Chakala-Andheri_East_Mumbai_IITM,C1,"C1,C2,C4,C6,UNIDENTIFIABLE"
35136.0,4264.0,4568.0,4577.0,4577.0,4574.0,4575.0,0.0,4585.0,4218.0,4255.0,3781.0,3781.0,4564.0,4078.0,4078.0,4041.0,3783.0,3783.0,4576.0,4116.0,4116.0,4184.0,3912.0,3912.0,4210.0,3827.0,3827.0,3056.0,3056.0,3056.0,3783.0,3056.0,3056.0,3056.0,3056.0,1,2020,site_5400,Borivali_East_Mumbai_IITM,C1,"C1,C2,C6"
35040.0,32217.0,31340.0,33884.0,33782.0,33891.0,33807.0,0.0,34271.0,34003.0,31218.0,27969.0,27969.0,31075.0,28188.0,28188.0,21567.0,20211.0,20211.0,32489.0,29954.0,29954.0,33488.0,31356.0,31356.0,34001.0,30752.0,30752.0,17897.0,17897.0,17897.0,20211.0,17899.0,17899.0,17899.0,17899.0,128,2021,site_5400,Borivali_East_Mumbai_IITM,C1,"C1,C2,C4,C6,UNIDENTIFIABLE"
35040.0,11873.0,13664.0,10262.0,10215.0,9801.0,10119.0,0.0,13427.0,14931.0,11812.0,10697.0,10697.0,13649.0,12379.0,12379.0,9773.0,8995.0,8995.0,10214.0,9230.0,9230.0,10236.0,9376.0,9376.0,14926.0,13563.0,13563.0,7745.0,7745.0,7745.0,8995.0,7814.0,7814.0,7814.0,7814.0,129,2022,site_5400,Borivali_East_Mumbai_IITM,C1,"C1,C2,C4,C6,UNIDENTIFIABLE"
35040.0,30292.0,29510.0,24212.0,23925.0,24734.0,24671.0,0.0,30790.0,30637.0,30214.0,27101.0,27101.0,28165.0,25430.0,25430.0,23769.0,21671.0,21671.0,23223.0,21184.0,21184.0,24140.0,21843.0,21843.0,30592.0,27460.0,27460.0,17889.0,17889.0,17889.0,21671.0,18510.0,18510.0,18510.0,18510.0,251,2023,site_5400,Borivali_East_Mumbai_IITM,C1,"C1,C2,C4,C6,UNIDENTIFIABLE"
35136.0,4043.0,3823.0,4098.0,4097.0,4104.0,4098.0,4061.0,4045.0,3987.0,4040.0,3586.0,3586.0,3813.0,3416.0,3416.0,4067.0,3638.0,3638.0,4020.0,3595.0,3595.0,4095.0,3600.0,3600.0,3986.0,3491.0,3491.0,2708.0,2708.0,2708.0,3638.0,3218.0,3218.0,3218.0,3218.0,13,2020,site_5401,Sector-19A_Nerul_Navi_Mumbai_IITM,C6,"C1,C2,C4,C6,UNIDENTIFIABLE"
35040.0,31097.0,30986.0,30184.0,30185.0,30204.0,29899.0,26438.0,30717.0,31656.0,30976.0,27182.0,27182.0,30938.0,28082.0,28082.0,28893.0,26485.0,26485.0,28613.0,26283.0,26283.0,30077.0,27624.0,27624.0,31624.0,27803.0,27803.0,17815.0,17815.0,17815.0,26485.0,23115.0,23115.0,23115.0,23115.0,50,2021,site_5401,Sector-19A_Nerul_Navi_Mumbai_IITM,C1,"C1,C2,C4,C6,UNIDENTIFIABLE"
35040.0,28295.0,28205.0,27927.0,28314.0,28335.0,28221.0,25874.0,30267.0,29461.0,26022.0,23147.0,23147.0,26051.0,23793.0,23793.0,25034.0,22966.0,22966.0,24976.0,22879.0,22879.0,24749.0,22233.0,22233.0,29446.0,26120.0,26120.0,18861.0,18861.0,18861.0,22966.0,20581.0,20581.0,20581.0,20581.0,429,2022,site_5401,Sector-19A_Nerul_Navi_Mumbai_IITM,C1,"C1,C2,C4,C6,UNIDENTIFIABLE"
35040.0,20869.0,20791.0,23160.0,24344.0,24346.0,21805.0,22748.0,25255.0,22958.0,20822.0,19006.0,19006.0,20747.0,18916.0,18916.0,21366.0,19382.0,19382.0,22480.0,20373.0,20373.0,21031.0,18729.0,18729.0,19587.0,17637.0,17637.0,16633.0,16633.0,16633.0,19382.0,16789.0,16789.0,16789.0,16789.0,1194,2023,site_5401,Sector-19A_Nerul_Navi_Mumbai_IITM,C1,"C1,C2,C4,C6,UNIDENTIFIABLE"
35136.0,4353.0,4046.0,4477.0,4479.0,4479.0,4475.0,4574.0,4576.0,4578.0,4333.0,3968.0,3968.0,4040.0,3750.0,3750.0,4479.0,4059.0,4059.0,4479.0,4006.0,4006.0,4477.0,4146.0,4146.0,4559.0,4090.0,4090.0,3697.0,3697.0,3697.0,4059.0,3697.0,3697.0,3697.0,3697.0,3,2020,site_5402,Malad_West_Mumbai_IITM,C1,"C1,C2,C4,C6"
35040.0,24930.0,22631.0,23229.0,23258.0,23253.0,23252.0,23796.0,24255.0,24702.0,24905.0,22051.0,22051.0,22610.0,20387.0,20387.0,21653.0,19633.0,19633.0,21267.0,19181.0,19181.0,23121.0,21145.0,21145.0,24679.0,22463.0,22463.0,16370.0,16370.0,16370.0,19633.0,16412.0,16412.0,16412.0,16412.0,58,2021,site_5402,Malad_West_Mumbai_IITM,C1,"C1,C2,C4,C6,UNIDENTIFIABLE"
35040.0,28113.0,29710.0,26977.0,28388.0,28666.0,28363.0,25478.0,32454.0,29967.0,27697.0,25192.0,25192.0,29684.0,27043.0,27043.0,17443.0,15838.0,15838.0,15099.0,13912.0,13912.0,24041.0,22016.0,22016.0,29925.0,26884.0,26884.0,9532.0,9532.0,9532.0,15838.0,9536.0,9536.0,9536.0,9536.0,943,2022,site_5402,Malad_West_Mumbai_IITM,C2,"C1,C2,C4,C6,UNIDENTIFIABLE"
35040.0,12772.0,32273.0,25026.0,24632.0,25073.0,24783.0,28634.0,29536.0,31680.0,12769.0,11498.0,11498.0,32268.0,29118.0,29118.0,19104.0,17461.0,17461.0,19139.0,17417.0,17417.0,18230.0,17010.0,17010.0,31676.0,28970.0,28970.0,13577.0,13577.0,13577.0,17461.0,13596.0,13596.0,13596.0,13596.0,516,2023,site_5402,Malad_West_Mumbai_IITM,C2,"C1,C2,C4,C6,UNIDENTIFIABLE"
35040.0,31351.0,31270.0,30677.0,30589.0,30775.0,30104.0,0.0,30930.0,30337.0,31006.0,28210.0,28210.0,30877.0,28182.0,28182.0,7903.0,7236.0,7236.0,20305.0,15124.0,15124.0,6193.0,5004.0,5004.0,30320.0,27762.0,27762.0,3765.0,3765.0,3765.0,7236.0,3767.0,3767.0,3767.0,3767.0,164,2021,site_5403,Siddharth_Nagar-Worli_Mumbai_IITM,C1,"C1,C2,C4,C6,UNIDENTIFIABLE"
35040.0,30970.0,30965.0,25766.0,28148.0,28299.0,28118.0,0.0,31146.0,30827.0,30908.0,27893.0,27893.0,30904.0,27874.0,27874.0,9763.0,9071.0,9071.0,17930.0,16589.0,16589.0,14479.0,13260.0,13260.0,30421.0,27678.0,27678.0,5911.0,5911.0,5911.0,9071.0,5928.0,5928.0,5928.0,5928.0,2022,2022,site_5403,Siddharth_Nagar-Worli_Mumbai_IITM,C1,"C1,C2,C4,C6,UNIDENTIFIABLE"
35040.0,26149.0,26107.0,25406.0,25822.0,26512.0,25024.0,0.0,27120.0,26545.0,24178.0,21802.0,21802.0,24147.0,21717.0,21717.0,18118.0,16571.0,16571.0,16548.0,15139.0,15139.0,16400.0,15002.0,15002.0,25426.0,23242.0,23242.0,13053.0,13053.0,13053.0,16571.0,13083.0,13083.0,13083.0,13083.0,604,2023,site_5403,Siddharth_Nagar-Worli_Mumbai_IITM,C1,"C1,C2,C4,C6,UNIDENTIFIABLE"
35136.0,1334.0,1249.0,1274.0,1276.0,1269.0,1276.0,1221.0,1206.0,1189.0,1319.0,1198.0,1198.0,1232.0,1102.0,1102.0,1263.0,1123.0,1123.0,1276.0,1172.0,1172.0,1274.0,1098.0,1098.0,1114.0,974.0,974.0,1007.0,1007.0,1007.0,1123.0,1007.0,1007.0,1007.0,1007.0,0,2020,site_5412,Kandivali_East_Mumbai_MPCB,C2,"C2,C4,C6"
35040.0,31792.0,29826.0,33042.0,32925.0,33041.0,32552.0,29888.0,29918.0,28438.0,31726.0,28608.0,28608.0,28624.0,25657.0,25657.0,33037.0,30063.0,30063.0,32922.0,30388.0,30388.0,33033.0,29372.0,29372.0,17480.0,15772.0,15772.0,26777.0,26777.0,26777.0,30063.0,26777.0,26777.0,26777.0,26777.0,119,2021,site_5412,Kandivali_East_Mumbai_MPCB,C2,"C1,C2,C4,C6"
35040.0,20920.0,17795.0,25650.0,26757.0,33519.0,28192.0,22377.0,22245.0,15185.0,20767.0,18910.0,18910.0,17693.0,16068.0,16068.0,29236.0,26872.0,26872.0,24048.0,22616.0,22616.0,25648.0,23823.0,23823.0,12564.0,9518.0,9518.0,16245.0,16245.0,16245.0,26872.0,16248.0,16248.0,16248.0,16248.0,6361,2022,site_5412,Kandivali_East_Mumbai_MPCB,C2,"C1,C2,C4,C6,UNIDENTIFIABLE"
35040.0,31724.0,30142.0,31562.0,32297.0,32394.0,30896.0,30721.0,30740.0,30284.0,31719.0,28286.0,28286.0,30072.0,26730.0,26730.0,28724.0,26074.0,26074.0,28621.0,26313.0,26313.0,28159.0,25170.0,25170.0,25084.0,22192.0,22192.0,22731.0,22731.0,22731.0,26074.0,22732.0,22732.0,22732.0,22732.0,716,2023,site_5412,Kandivali_East_Mumbai_MPCB,C2,"C1,C2,C4,C6,UNIDENTIFIABLE"
35136.0,1121.0,1080.0,1055.0,1025.0,1055.0,1055.0,1081.0,1082.0,1058.0,1098.0,992.0,992.0,1063.0,964.0,964.0,1033.0,902.0,902.0,1019.0,952.0,952.0,1047.0,952.0,952.0,1058.0,974.0,974.0,812.0,812.0,812.0,902.0,812.0,812.0,812.0,812.0,30,2020,site_5413,Mulund_West_Mumbai_MPCB,C2,"C2,C4"
35040.0,23914.0,22051.0,24583.0,23516.0,24633.0,23806.0,23736.0,23712.0,22145.0,23857.0,21685.0,21685.0,22013.0,20146.0,20146.0,22377.0,20957.0,20957.0,21795.0,20353.0,20353.0,23128.0,21660.0,21660.0,19086.0,17670.0,17670.0,17540.0,17540.0,17540.0,20957.0,17541.0,17541.0,17541.0,17541.0,1151,2021,site_5413,Mulund_West_Mumbai_MPCB,C2,"C1,C2,C4,C6,UNIDENTIFIABLE"
35040.0,27950.0,21053.0,22129.0,22648.0,22985.0,14933.0,18847.0,21821.0,5799.0,27774.0,25380.0,25380.0,21012.0,19320.0,19320.0,22981.0,20747.0,20747.0,22497.0,20540.0,20540.0,22129.0,20111.0,20111.0,5017.0,4691.0,4691.0,18530.0,18530.0,18530.0,20747.0,18530.0,18530.0,18530.0,18530.0,545,2022,site_5413,Mulund_West_Mumbai_MPCB,C2,"C1,C2,C4,C6"
35040.0,29473.0,25431.0,28484.0,28526.0,28527.0,28516.0,27617.0,27279.0,21313.0,29374.0,26581.0,26581.0,25404.0,22966.0,22966.0,5435.0,4063.0,4063.0,9366.0,8332.0,8332.0,6837.0,5260.0,5260.0,6321.0,4856.0,4856.0,3287.0,3287.0,3287.0,4063.0,3287.0,3287.0,3287.0,3287.0,3,2023,site_5413,Mulund_West_Mumbai_MPCB,C2,C2
35040.0,14508.0,14316.0,14736.0,14821.0,14820.0,14559.0,14372.0,15219.0,14211.0,14497.0,13118.0,13118.0,14250.0,12821.0,12821.0,14175.0,12951.0,12951.0,14099.0,12841.0,12841.0,14106.0,12591.0,12591.0,14027.0,12476.0,12476.0,11396.0,11396.0,11396.0,12951.0,11396.0,11396.0,11396.0,11396.0,98,2023,site_5799,Sector-2E_Kalamboli_Navi_Mumbai_MPCB,C1,"C1,C2,C4,C6"
35040.0,14528.0,14591.0,13509.0,13256.0,13705.0,14186.0,13442.0,14634.0,13493.0,14509.0,13081.0,13081.0,14551.0,13004.0,13004.0,13454.0,12340.0,12340.0,13004.0,12052.0,12052.0,13261.0,11828.0,11828.0,13274.0,12063.0,12063.0,10759.0,10759.0,10759.0,12340.0,10759.0,10759.0,10759.0,10759.0,291,2023,site_5803,Tondare-Taloja_Navi_Mumbai_MPCB,C1,"C1,C2,C4,C6"
35040.0,17309.0,17413.0,17786.0,18280.0,18292.0,17767.0,17315.0,17826.0,17771.0,17273.0,15654.0,15654.0,17389.0,15639.0,15639.0,18275.0,16646.0,16646.0,18266.0,16849.0,16849.0,17783.0,15696.0,15696.0,17764.0,16093.0,16093.0,14493.0,14493.0,14493.0,16646.0,14493.0,14493.0,14493.0,14493.0,505,2023,site_5805,Kopripada-Vashi_Navi_Mumbai_MPCB,C1,"C1,C2,C4,C6"
35040.0,15072.0,15108.0,15232.0,15256.0,15268.0,14260.0,14828.0,15042.0,15031.0,14739.0,13359.0,13359.0,14303.0,12835.0,12835.0,14770.0,13325.0,13325.0,14756.0,13407.0,13407.0,14751.0,12600.0,12600.0,13739.0,12560.0,12560.0,11470.0,11470.0,11470.0,13325.0,11516.0,11516.0,11516.0,11516.0,48,2023,site_5807,Mindspace-Malad_West_Mumbai_MPCB,C4,"C1,C2,C4,C6,UNIDENTIFIABLE"
35040.0,17255.0,17362.0,17523.0,17792.0,17793.0,16976.0,16212.0,17794.0,17545.0,16964.0,15222.0,15222.0,17118.0,15375.0,15375.0,17790.0,16268.0,16268.0,17760.0,16530.0,16530.0,17522.0,15680.0,15680.0,17401.0,15952.0,15952.0,14697.0,14697.0,14697.0,16268.0,14697.0,14697.0,14697.0,14697.0,270,2023,site_5810,Bandra_Kurla_Complex_Mumbai_MPCB,C1,"C1,C4,C6"
35040.0,16993.0,17005.0,17921.0,17939.0,18066.0,17600.0,17857.0,17845.0,17155.0,16332.0,14815.0,14815.0,15831.0,14411.0,14411.0,18065.0,16495.0,16495.0,17938.0,16422.0,16422.0,17916.0,15745.0,15745.0,17018.0,15718.0,15718.0,14231.0,14231.0,14231.0,16495.0,14231.0,14231.0,14231.0,14231.0,271,2023,site_5811,Chembur_Mumbai_MPCB,C1,"C1,C2,C4,C6"
35040.0,17839.0,17848.0,17356.0,17838.0,17832.0,17585.0,17157.0,18074.0,17896.0,17456.0,15862.0,15862.0,17315.0,15699.0,15699.0,17672.0,16051.0,16051.0,15959.0,14549.0,14549.0,17336.0,15437.0,15437.0,17887.0,16063.0,16063.0,12620.0,12620.0,12620.0,16051.0,12624.0,12624.0,12624.0,12624.0,475,2023,site_5814,Kherwadi_Bandra_East_Mumbai_MPCB,C6,"C1,C2,C4,C6,UNIDENTIFIABLE"
35040.0,14394.0,14576.0,15658.0,15771.0,15792.0,15387.0,14919.0,15753.0,14581.0,14368.0,13100.0,13100.0,14534.0,13255.0,13255.0,13164.0,12040.0,12040.0,12967.0,11919.0,11919.0,13023.0,11616.0,11616.0,14406.0,13243.0,13243.0,10150.0,10150.0,10150.0,12040.0,10556.0,10556.0,10556.0,10556.0,136,2023,site_5815,Sanpada_Navi_Mumbai_MPCB,C1,"C1,C2,C4,C6,UNIDENTIFIABLE"
35040.0,4899.0,4899.0,4760.0,4897.0,4897.0,4858.0,4830.0,4630.0,4776.0,4824.0,4397.0,4397.0,4602.0,4015.0,4015.0,4892.0,4506.0,4506.0,4893.0,4499.0,4499.0,4758.0,4158.0,4158.0,4775.0,4324.0,4324.0,3849.0,3849.0,3849.0,4506.0,3849.0,3849.0,3849.0,3849.0,137,2023,site_5960,Byculla_Mumbai_BMC,C1,"C1,C4"
31051.0,575.0,575.0,575.0,575.0,575.0,575.0,574.0,574.0,564.0,551.0,495.0,495.0,553.0,491.0,491.0,572.0,534.0,534.0,571.0,525.0,525.0,574.0,506.0,506.0,556.0,518.0,518.0,466.0,466.0,466.0,534.0,466.0,466.0,466.0,466.0,0,2023,site_5961,Shivaji_Nagar_Mumbai_BMC,C1,C1
35040.0,3945.0,3722.0,3425.0,3460.0,3489.0,3017.0,3966.0,3968.0,3710.0,3726.0,3267.0,3267.0,3658.0,3237.0,3237.0,3470.0,3162.0,3162.0,3447.0,3195.0,3195.0,3398.0,2928.0,2928.0,3692.0,3377.0,3377.0,2766.0,2766.0,2766.0,3162.0,2766.0,2766.0,2766.0,2766.0,69,2023,site_5962,Kandivali_West_Mumbai_BMC,C1,"C1,C2,C4"
35040.0,3729.0,3737.0,3767.0,3838.0,3859.0,3797.0,3848.0,3850.0,3684.0,3725.0,3299.0,3299.0,3725.0,3290.0,3290.0,3854.0,3547.0,3547.0,3838.0,3573.0,3573.0,3767.0,3272.0,3272.0,3682.0,3279.0,3279.0,3032.0,3032.0,3032.0,3547.0,3032.0,3032.0,3032.0,3032.0,103,2023,site_5963,Sewri_Mumbai_BMC,C1,"C1,C4"
35040.0,4152.0,4163.0,4473.0,4501.0,4501.0,4501.0,4509.0,4511.0,2651.0,4099.0,3600.0,3600.0,3783.0,3367.0,3367.0,4498.0,4148.0,4148.0,2850.0,2628.0,2628.0,4471.0,4085.0,4085.0,2651.0,2346.0,2346.0,2395.0,2395.0,2395.0,4148.0,2395.0,2395.0,2395.0,2395.0,28,2023,site_5964,Ghatkopar_Mumbai_BMC,C1,C1
